   317.8  1858.2  3065.8  3643.1    84.6   209.4   159.9   264.6
   319.0  1866.8  3069.1  3636.1    97.1   240.6   124.8   226.3
   318.4  1897.8  3027.5  3593.1   102.5   202.8   147.1   228.3
   322.2  1919.2  3053.9  3618.9   111.3   135.1   107.5   191.2
   333.6  1908.6  3051.5  3625.3   139.2   161.3   130.5   159.0
   310.6  1939.9  2934.2  3343.0   108.7   293.5    86.4    72.2
   314.4  1950.0  2932.5  3334.9   108.1   191.9    72.8    60.0
   314.6  1959.4  2941.7  3327.8   104.1   156.9    78.2    68.9
   318.3  1959.7  2949.6  3333.6   101.7   144.3    82.7    83.4
   326.1  1953.0  2938.5  3349.5    98.8    99.2    83.7   102.6
   286.1  1960.9  2996.9  3340.8    89.6   107.5    68.2   194.3
   293.8  1953.6  3006.7  3327.0   105.8   108.7    85.1   204.3
   306.5  1951.0  2996.5  3323.9   110.0   135.1   137.1   320.3
   318.8  1941.3  2981.4  3332.0   114.2   119.9   179.6   281.4
   328.6  1951.8  2997.3  3304.2   100.6   137.3   177.5   250.7
   330.0  2004.5  2905.6  3411.4    50.0    79.5   109.2    57.2
   328.6  2010.9  2917.6  3405.7    52.5    67.8    90.8    37.5
   327.8  2011.2  2931.2  3410.1    53.2    68.2    96.1    34.4
   326.2  2004.2  2923.6  3404.1    55.0    67.7    86.5    26.2
   325.9  1998.7  2910.5  3399.4    55.7    62.5    75.6    26.6
   327.5  2024.9  3116.2  3592.8   106.0    78.6   161.0   159.9
   334.6  2025.9  3129.1  3591.7   102.5    54.3   108.5   212.9
   332.3  2017.1  3125.9  3547.1    98.8    53.8   107.2   253.3
   329.7  2017.2  3133.1  3499.0    93.3    62.8    98.3   144.1
   329.9  2013.0  3157.0  3511.6    76.3    86.5   114.9   189.1
   316.0  1950.1  3056.3  3441.1    59.7    59.5   124.3   117.6
   312.2  1946.0  3088.2  3447.0    61.3    48.6   128.5    99.9
   314.3  1954.9  3102.2  3449.2    56.3    52.5   120.3   111.6
   318.2  1950.9  3087.8  3442.5    47.9    63.6   126.6   105.9
   321.6  1935.3  3074.1  3443.1    41.3    75.2   150.1   115.8
   318.1  1916.4  3084.5  3466.1    28.8    70.8    94.9    66.2
   317.5  1906.5  3069.7  3464.3    29.7    72.0    91.5    69.9
   317.0  1900.7  3062.5  3457.9    28.9    72.0    79.3    78.0
   317.1  1899.3  3061.1  3457.1    28.0    72.3    80.7    78.9
   317.2  1901.3  3062.1  3462.0    27.7    83.4    79.7    79.7
   353.4  1938.9  2881.8  3500.8   121.3   105.3   195.1   277.8
   355.1  1942.7  2891.8  3554.1   106.9    83.9   139.4   222.0
   355.0  1934.4  2895.9  3571.2   100.5    80.5    97.3   189.9
   356.0  1926.2  2895.2  3560.9   102.4    79.9    78.1   230.4
   357.2  1901.3  2897.2  3498.7   109.7    83.3    76.9   232.7
   333.0  1923.6  2878.9  3523.2    96.2   242.0   130.1    71.3
   340.1  1960.4  2886.2  3512.9    86.3   155.9   115.1    83.3
   348.6  1974.1  2885.1  3507.7    77.8   159.8    78.9    98.8
   352.5  1935.5  2873.6  3465.2    79.4   156.2   102.0   140.1
   355.1  1967.2  2856.7  3489.1    67.7   122.1   108.4   165.7
   340.1  1916.9  2882.0  3567.5    76.8   116.5   190.1   104.0
   339.7  1940.3  2856.1  3579.9    74.3   148.3   196.3    69.2
   338.6  1983.3  2887.1  3574.0    78.6   167.1   277.9    84.2
   333.5  1966.9  2888.1  3589.6    67.9   306.5   357.6   120.2
   328.9  2016.4  2894.5  3559.2    64.2   362.9   326.2    93.4
   306.9  1946.6  2909.3  3371.8    47.0   110.7    98.8   134.6
   301.8  1967.6  2925.9  3373.5    50.0    82.2    88.2   280.6
   297.8  1956.1  2938.5  3346.4    54.9    72.0    98.9   257.2
   290.3  1951.5  2966.4  3359.9    59.5    82.8    79.5   355.0
   283.6  1974.1  2973.2  3375.3    67.0    89.2    44.1   260.0
   344.8  1984.0  2883.2  3296.4    47.4   160.6   106.7   166.5
   345.1  1990.7  2869.9  3314.8    47.2   158.9   112.3   144.1
   344.0  1967.4  2859.4  3298.3    46.3   121.9   102.8   145.0
   344.0  1967.8  2887.9  3330.1    41.0   131.8   108.9   185.3
   346.2  1989.6  2876.1  3318.3    33.5   143.7    94.3   169.6
   366.9  1993.1  2875.8  3496.4    62.5    99.7    69.1   128.1
   366.4  2012.5  2853.8  3490.2    56.5   111.5    73.9   102.9
   363.4  2053.3  2860.1  3456.5    55.4   138.5   161.2   221.8
   354.8  2023.1  2909.3  3451.6    70.1    95.8   195.1   214.3
   342.9  2009.6  2882.0  3490.1   121.6    93.1   165.4   245.7
   303.8  1942.9  2985.4  3361.0    33.6   137.8   123.6    78.0
   299.9  1956.8  2982.5  3358.2    35.5   104.3    82.0    91.1
   295.8  1937.5  2989.7  3348.8    41.6    92.7    76.1   102.9
   293.2  1925.4  2975.7  3374.2    45.9   110.4    71.6   132.5
   290.7  1943.4  2963.1  3411.9    52.6   147.9    63.5   128.9
   315.3  2002.5  3007.5  3377.9    63.2    39.6    53.1   112.6
   314.8  2006.2  3017.3  3386.4    62.3    38.5    46.1   119.4
   315.0  2009.6  3017.8  3383.5    61.7    37.0    43.6   136.2
   313.9  2012.3  3021.2  3403.3    69.7    34.9    54.2   196.4
   313.2  2017.7  3030.5  3424.1    70.3    37.5    55.3   185.7
   341.3  1891.8  2939.3  3571.9    72.9   246.0   149.2   165.8
   338.1  1886.6  2945.6  3554.0    90.4   258.7   158.9   164.0
   327.6  1885.1  2966.9  3565.5   110.1   245.2   175.0   173.8
   319.5  1881.0  2969.3  3583.0   115.3   211.3   188.7   218.7
   317.0  1870.0  2957.1  3593.8   113.9   164.8   201.9   221.5
   278.3  1861.3  2977.5  3604.6    39.3    89.5    59.3   183.0
   272.6  1857.0  2946.7  3616.6    47.4   102.2    81.5   163.8
   267.0  1861.5  2932.8  3612.6    56.6   120.3    86.3   222.2
   262.9  1871.2  2946.5  3598.9    68.1   120.3    82.9   258.0
   262.0  1883.9  2974.3  3580.4    78.4   124.3    87.8   209.5
   308.8  1835.1  2862.0  3519.9    95.6   150.5    68.4   142.7
   310.1  1831.9  2857.4  3503.3   100.6   166.4    57.9   132.4
   309.2  1834.3  2859.9  3483.9    96.6   212.8    59.7   151.5
   310.5  1840.1  2866.3  3456.3    95.8   252.0    61.3   199.4
   314.5  1837.5  2863.5  3434.7    98.4   247.5    59.5   269.4
   324.3  1935.5  2946.8  3285.8    63.9   138.9   131.1    65.8
   329.5  1945.4  2948.8  3307.9    52.9    80.2   101.5    69.5
   332.2  1931.6  2953.6  3313.0    54.1    69.5   144.2    66.4
   334.3  1918.7  2965.6  3314.8    70.3    80.1   180.7    84.1
   336.6  1904.3  2988.3  3372.1    91.5   104.5   201.4   114.3
   368.2  1963.4  2844.7  3530.7    42.2    98.1   147.6    92.6
   369.8  1975.1  2844.2  3480.5    49.6    66.5   134.4   137.9
   370.7  1961.0  2850.4  3454.4    55.2    55.4   104.4   149.8
   366.6  1938.4  2851.7  3480.6    52.4    80.3    92.6   119.1
   360.4  1935.3  2841.5  3488.8    46.6   100.0   152.1   110.8
   378.3  1870.0  2739.3  3484.8    53.9   129.5   216.1   137.0
   377.3  1879.8  2779.2  3457.8    53.1   153.9   133.4   150.7
   375.4  1945.1  2804.7  3478.5    52.9   201.1    91.4   175.5
   365.4  1936.9  2816.0  3508.4    44.9   136.9   113.4   168.1
   358.9  1896.5  2809.2  3550.0    48.0    79.2    92.2   278.7
   319.7  1878.0  2832.1  3569.0   113.1   130.2   195.4   114.4
   325.9  1862.9  2828.0  3562.5   117.3   103.8   162.0   164.4
   334.4  1841.8  2831.9  3602.8   107.9   101.5   158.1   111.3
   343.1  1844.4  2856.6  3603.8    77.3   105.6   206.9    85.4
   344.4  1860.2  2879.9  3577.2    73.0   108.3   177.5    69.1
   485.7  1726.1  2351.8  3467.6    94.9   119.0   258.5    55.3
   489.3  1728.7  2330.4  3475.0   103.2   135.8   338.0    76.6
   491.9  1736.1  2326.5  3468.5   110.0   144.5   385.9   112.3
   492.2  1738.6  2336.8  3460.2   119.1   147.5   386.4   120.4
   494.3  1735.3  2377.1  3477.2   118.3   164.2   415.4   105.8
   455.5  1825.8  2364.9  3512.0   145.7   142.6   515.1   131.8
   452.8  1826.4  2337.7  3518.2   156.0   146.4   540.9   113.4
   451.5  1821.8  2346.5  3524.1   160.2   154.9   569.6   122.9
   453.9  1809.5  2345.7  3524.1   173.2   156.6   501.1   150.6
   456.4  1818.8  2365.7  3530.6   198.4   153.4   532.6   187.4
   545.7  1773.4  2447.0  3467.6   173.3    72.9   215.5   167.9
   550.2  1764.4  2433.6  3448.0   161.0    76.6   237.9   179.8
   542.6  1761.6  2436.3  3438.2   143.1    89.3   230.8   136.9
   541.4  1757.1  2450.7  3432.0   130.4    97.6   221.2   139.1
   542.6  1751.9  2450.0  3435.5   118.8   102.4   220.5   168.7
   474.8  1724.5  2319.8  3373.8    71.0   122.2   580.2    65.6
   477.1  1719.9  2349.6  3365.3    67.2   111.0   712.8    64.4
   476.9  1721.4  2338.3  3369.0    69.7   103.5   723.0    62.0
   477.5  1724.5  2340.3  3379.3    72.9   100.9   579.0    72.0
   478.0  1721.6  2368.6  3370.8    73.7    95.6   444.5    85.0
   509.2  1677.9  2228.1  3304.1   135.5   127.9   173.9   150.0
   538.9  1689.1  2230.9  3335.1   124.5   173.0   233.3   174.2
   551.3  1698.3  2268.1  3316.4   116.3   154.3   284.3   169.8
   560.1  1695.7  2315.1  3314.9    95.2   138.9   200.1   196.8
   560.9  1670.1  2315.6  3293.0    79.7   157.3   151.5   157.7
   471.8  1685.7  2294.8  3475.2    50.1    76.7   326.8   121.7
   467.6  1695.2  2288.2  3471.6    55.6    69.2   299.8    97.5
   466.9  1698.3  2291.0  3467.8    60.9    67.0   306.9   100.7
   466.7  1699.8  2295.2  3463.0    65.2    66.6   297.9    85.9
   468.3  1697.8  2304.2  3449.0    68.5    71.6   330.8    94.4
   503.2  1683.4  2135.3  3538.2   200.8   108.5   497.5   137.2
   501.4  1681.0  2168.6  3532.8   194.6   118.3   554.7   115.9
   502.1  1674.6  2171.0  3533.5   204.3   120.4   612.8   120.3
   503.9  1669.7  2152.5  3547.9   221.3   112.4   692.5   162.9
   506.4  1674.3  2220.8  3582.5   220.1    96.2   693.8   217.6
   455.3  1735.2  2452.3  3503.9    43.2   103.4   257.1   162.0
   456.1  1727.4  2456.0  3516.6    48.0   112.4   227.6   164.2
   457.3  1718.6  2442.8  3534.6    49.4   121.2   215.6   139.6
   458.1  1715.8  2437.9  3534.8    53.8   127.8   235.9    94.7
   458.5  1713.2  2442.8  3530.0    61.1   132.2   268.0    86.0
   473.0  1775.7  2487.8  3493.4    81.4   106.7   344.7   218.3
   473.9  1775.2  2462.7  3496.7   104.4   112.9   383.9   196.6
   475.6  1765.6  2445.4  3499.4   132.1   113.7   395.3   169.7
   476.1  1757.5  2467.6  3483.5   155.0   102.2   364.9   148.7
   471.2  1766.4  2490.9  3497.5   170.1   105.8   317.0   162.7
   463.3  1719.9  2274.5  3402.0    84.4    64.5   340.8   188.7
   462.6  1719.6  2281.9  3418.0    90.3    58.9   341.8   167.0
   462.7  1718.7  2304.9  3429.5    92.4    53.9   377.8   163.8
   462.7  1709.8  2303.6  3422.7    98.3    54.7   409.5   158.8
   463.0  1703.6  2303.2  3414.5   103.9    58.1   411.8   146.1
   450.3  1703.2  2318.9  3521.4    67.7   114.9   210.1   178.3
   450.7  1706.2  2325.5  3528.7    68.3   113.2   186.4   165.1
   451.7  1702.6  2324.8  3516.6    72.5   103.7   164.1   149.3
   450.7  1693.0  2312.7  3505.8    80.5    86.0   160.8   174.8
   447.9  1689.6  2299.0  3499.2    85.2    72.5   154.2   201.0
   463.8  1730.3  2443.6  3508.0   141.0   107.1   507.0   113.7
   466.1  1734.0  2450.9  3494.5   143.5   100.4   398.7    94.3
   471.4  1751.5  2469.3  3505.6   163.8    99.0   396.7    61.2
   472.8  1750.7  2468.4  3504.4   164.5    96.3   395.8    55.7
   477.7  1730.8  2439.2  3499.1   179.3   114.1   445.6    55.8
   535.5  1699.7  2280.1  3613.7    95.0   117.7   268.2   159.8
   540.4  1714.4  2274.2  3610.5    79.6    99.4   233.4   160.2
   540.7  1731.8  2256.0  3617.4    49.2    81.7   218.4   180.0
   537.5  1734.3  2255.8  3603.8    32.6   110.5   282.3   292.7
   531.2  1712.6  2291.4  3556.3    37.8   170.5   180.0   215.1
   459.4  1732.5  2187.2  3439.6   103.6    63.7   287.2   136.3
   464.7  1729.0  2183.1  3465.1   106.6    75.4   286.6   143.1
   467.3  1724.4  2166.9  3468.6   104.6    78.8   320.0   159.7
   469.1  1717.2  2173.3  3476.8   102.5    81.2   311.2   224.2
   476.8  1707.9  2180.2  3503.7    98.7   101.5   338.2   217.0
   532.6  1734.6  2552.7  3511.6   208.7    86.3   167.0   145.0
   541.4  1729.5  2546.1  3522.6   203.3    76.7   182.6   157.7
   543.7  1731.3  2537.9  3521.5   199.0    71.9   192.6   177.2
   545.5  1726.3  2536.0  3518.5   187.7    71.8   187.5   158.5
   553.8  1721.9  2524.3  3499.8   164.8    74.1   192.5   165.4
   485.0  1713.4  2380.3  3445.8    54.2    88.5   173.4    57.3
   486.4  1707.6  2380.3  3450.0    55.1    85.2   186.5    64.6
   487.2  1710.1  2381.7  3462.2    56.8    82.1   207.9    63.4
   486.2  1711.6  2377.5  3464.6    59.3    79.2   213.1    56.7
   484.3  1718.5  2377.1  3463.9    62.9    81.1   207.9    52.8
   536.0  1697.2  2211.1  3529.6   149.7   104.8   361.2   251.8
   544.2  1697.0  2216.9  3554.6   143.9    94.4   379.4   249.8
   549.2  1697.4  2212.4  3572.1   132.4    90.3   458.9   217.2
   549.3  1694.7  2254.1  3571.9   113.6    95.5   465.1   173.3
   551.5  1687.6  2257.0  3546.3    99.9   102.6   389.8   164.8
   473.5  1644.3  2187.0  3409.4   128.7    96.1   170.5   315.8
   474.5  1643.6  2180.5  3405.3   132.9   101.8   184.2   299.7
   474.8  1641.1  2180.9  3381.7   134.4   100.8   189.9   303.1
   469.8  1642.3  2185.4  3346.4   150.3   101.5   193.0   325.5
   465.0  1638.4  2187.3  3339.7   167.5   100.6   189.9   310.1
   546.9  1684.0  2235.8  3515.8   125.0   106.4   412.3   193.2
   551.6  1679.1  2252.5  3518.3   113.6   109.5   446.0   209.7
   556.8  1680.8  2286.2  3523.3    99.5   100.7   501.4   216.1
   558.8  1681.8  2284.8  3539.4    93.1    91.2   472.1   214.8
   559.4  1676.0  2291.4  3547.4    82.3    89.2   431.8   179.5
   512.1  1748.8  2327.8  3422.3   177.7    60.0   242.4   219.0
   514.6  1744.9  2343.0  3406.5   172.8    65.4   233.2   299.6
   511.9  1744.0  2343.2  3389.5   170.3    75.0   226.5   287.3
   511.2  1742.9  2336.2  3380.8   168.6    75.4   241.5   261.7
   511.0  1737.3  2331.6  3369.4   168.3    74.2   248.2   252.1
   464.1  1734.4  2288.4  3425.4    52.1   112.6   283.5    81.1
   462.7  1741.9  2289.2  3423.1    58.1   122.2   325.9    75.5
   461.0  1758.1  2297.7  3424.3    69.6   130.3   400.7    74.1
   458.6  1766.9  2315.8  3425.1    81.3   133.6   401.5    75.8
   458.1  1774.8  2317.2  3426.5    88.1   132.4   370.2    74.6
   546.1  1680.8  2258.0  3477.3   174.7    91.5   211.9   145.3
   541.2  1681.4  2266.8  3459.3   166.0    88.3   189.5   135.6
   537.8  1681.7  2273.7  3445.3   157.7    86.6   144.8   151.4
   542.2  1669.0  2272.0  3445.0   146.0    83.1   121.8   200.8
   539.8  1663.4  2276.8  3448.5   127.5    92.8    92.8   217.3
   718.7  1262.9  2230.2  3119.0   350.0   293.8   192.8   176.2
   730.2  1267.9  2232.9  3135.3   299.7   298.4   187.1   177.5
   730.6  1260.1  2237.7  3163.9   266.4   285.5   209.3   147.0
   736.1  1257.3  2231.1  3183.5   219.4   219.6   245.1   139.6
   736.9  1253.4  2200.0  3215.3   250.0   259.3   236.7   152.2
   837.2  1180.1  2232.1  3241.6   293.1   154.2   384.2   268.0
   838.5  1178.5  2246.5  3271.7   287.8   146.5   454.0   274.2
   835.4  1178.7  2277.5  3285.3   280.8   143.6   517.3   249.1
   830.4  1183.1  2263.0  3287.1   267.8   138.7   540.2   264.0
   821.1  1183.6  2204.3  3295.1   259.4   130.0   558.2   275.8
   744.5  1248.0  2210.1  3442.7   275.8    93.1   306.6   174.8
   754.6  1253.3  2214.3  3455.4   253.5    86.0   293.8   148.0
   762.8  1256.9  2204.9  3466.7   220.4    75.3   265.5   116.0
   755.1  1255.2  2222.0  3507.3   228.1    82.9   277.0   100.7
   748.0  1255.2  2230.1  3514.1   232.2    93.6   292.0   100.8
   688.8  1186.3  2245.2  3222.3   218.2   123.1   318.0   168.9
   686.7  1184.3  2252.8  3212.2   219.3   118.4   368.6   159.6
   687.9  1177.7  2257.4  3191.1   218.0   115.7   327.8   147.8
   680.1  1169.1  2232.6  3197.9   231.5   128.2   318.5   163.5
   675.7  1170.7  2212.9  3210.3   220.3   109.2   338.2   149.3
   809.9  1299.9  2376.3  3447.0   121.4   204.5   203.4   314.6
   810.5  1314.5  2361.3  3394.7   141.9   235.4   174.9   259.4
   809.7  1320.4  2346.9  3372.1   149.9   261.0   155.0   261.6
   810.1  1310.0  2343.8  3366.4   141.1   233.3   159.9   312.0
   805.4  1301.5  2348.3  3375.3   139.8   210.7   171.1   370.5
   725.1  1229.2  2276.2  3135.5   120.4   119.7   219.0   380.8
   723.7  1233.1  2292.1  3135.6   121.4   137.4   226.7   412.2
   718.9  1228.8  2310.0  3105.6   122.9   150.4   229.8   373.2
   711.3  1225.4  2320.5  3089.8   131.7   145.0   246.9   348.8
   711.3  1229.6  2317.1  3078.1   156.7   129.6   267.3   385.4
   701.6  1262.6  2154.2  3128.1    89.7   135.3   192.3   435.5
   701.0  1235.6  2143.1  3154.7    85.5   149.7   231.9   255.6
   699.3  1237.2  2188.4  3159.9    83.9   153.3   190.0   161.7
   698.1  1258.4  2213.1  3160.2    85.7   148.6   116.6   147.2
   704.8  1271.0  2214.1  3185.4    98.3   180.8    88.2   148.8
   679.3  1213.0  2346.5  3327.9   261.4   419.7   543.4   558.0
   693.2  1252.7  2336.0  3237.0   279.9   491.4   623.6   533.5
   702.6  1225.4  2408.8  3277.9   290.1   585.3   503.9   434.5
   737.6  1238.4  2431.8  3296.4   325.0   675.4   503.6   357.1
   726.6  1265.9  2414.3  3253.7   332.3   496.1   709.3   341.0
   673.8  1274.6  2225.3  3379.2   202.1    57.5   361.7   194.1
   679.2  1278.7  2238.6  3379.7   222.7    51.0   372.9   200.1
   689.3  1282.1  2247.6  3396.1   267.3    44.9   380.9   184.6
   696.4  1284.6  2245.6  3411.9   272.7    46.4   442.9   198.3
   697.4  1285.1  2250.0  3419.4   271.2    47.7   538.9   184.9
   702.5  1296.1  2234.0  3178.3   198.1   322.2   104.3   145.2
   732.8  1330.4  2246.1  3175.0   202.8   340.3    95.3   112.1
   724.3  1343.0  2237.3  3188.7   207.2   235.9   134.1   177.8
   703.3  1344.3  2213.3  3201.5   210.7   277.2   146.4   180.5
   714.1  1372.1  2236.7  3235.0   258.0   284.9   159.7   181.3
   700.7  1234.4  2301.4  3236.7   156.7    76.9   498.3   152.2
   700.3  1238.1  2355.3  3245.3   158.7    81.9   372.5   157.1
   704.0  1252.7  2339.7  3287.6   211.7    89.4   327.1   168.9
   700.1  1248.8  2324.9  3267.4   198.4    96.5   333.8   180.9
   700.7  1243.9  2306.1  3203.0   185.8   102.9   340.3   228.9
   705.1  1210.2  2179.9  3346.5   194.0    58.9   490.0   258.1
   694.5  1220.0  2195.0  3301.2   172.6    57.4   355.9   367.3
   696.0  1230.1  2199.4  3309.2   173.1    64.8   373.8   317.3
   699.9  1231.9  2282.8  3300.0   171.0    97.4   411.7   224.7
   692.9  1212.6  2320.3  3301.2   148.7   130.2   386.7   352.4
   766.2  1166.9  2280.0  3355.8   313.3    77.0   485.1   495.5
   767.1  1158.0  2234.0  3322.3   321.4    78.2   571.9   411.8
   789.7  1155.2  2207.5  3373.6   344.3    87.4   463.8   283.1
   793.3  1158.2  2167.5  3423.0   333.0    96.5   502.8   339.2
   790.2  1164.6  2097.5  3387.0   313.5    99.0   531.9   298.7
   746.8  1186.0  2377.5  3250.6   169.8   100.3   346.5   218.5
   752.3  1175.1  2366.9  3278.8   159.6    60.1   455.0   223.8
   761.5  1187.8  2305.5  3241.9   219.9    74.3   424.6   325.5
   750.4  1179.1  2352.2  3276.4   213.2    86.6   474.1   330.3
   743.7  1198.1  2373.6  3307.7   202.5    78.8   459.2   192.2
   651.4  1219.5  2256.4  3502.6   410.1   163.6   283.7   116.8
   660.3  1217.0  2249.9  3494.1   378.1   161.5   295.2   129.1
   657.8  1223.6  2252.4  3492.6   378.9   163.0   298.6   128.8
   650.1  1221.1  2258.6  3499.1   376.7   168.4   294.7   132.4
   634.1  1205.2  2267.2  3504.1   336.4   163.9   300.0   138.4
   824.3  1217.4  2234.3  3378.5   265.7    89.0   523.7   105.2
   811.9  1222.0  2258.7  3374.3   246.3    72.4   443.0    99.3
   803.2  1215.5  2279.1  3347.7   259.7    72.1   366.1   135.4
   792.1  1208.4  2246.1  3382.5   279.0    89.2   400.5   130.1
   784.3  1205.5  2256.2  3368.8   290.5   102.6   389.2   119.4
   749.8  1196.8  2255.5  3291.7   224.6   133.9   214.8   394.7
   766.8  1162.9  2302.5  3238.7   284.6   309.0   249.7   396.1
   810.5  1175.2  2327.3  3211.7   409.4   628.9   314.2   366.7
   771.4  1203.6  2291.4  3203.8   294.4   339.8   261.7   370.0
   759.0  1201.3  2276.2  3324.9   209.8   268.3   236.9   386.5
   760.2  1211.0  2267.3  3578.9   218.7   147.1   664.9   150.0
   781.1  1236.8  2235.6  3574.8   262.3   137.2   568.4   148.0
   778.2  1243.3  2267.3  3547.8   275.1   110.2   543.7   143.1
   765.9  1239.7  2293.1  3575.4   274.4    83.0   593.2   131.1
   751.1  1229.4  2259.8  3578.0   277.2    70.9   712.4   104.3
   793.7  1200.2  2207.4  3274.6   400.8   119.2   283.5   115.5
   802.1  1210.5  2163.1  3295.1   303.0   101.9   291.8   119.4
   804.5  1219.7  2154.1  3289.9   237.9    79.1   293.9   124.0
   802.6  1217.1  2167.0  3285.9   224.2    73.5   332.0    98.8
   790.0  1207.4  2214.2  3278.0   353.4   123.7   351.2   115.3
   688.2  1119.8  2158.1  3237.0   226.1    93.0   212.8   251.4
   692.2  1114.7  2173.4  3284.2   238.6    94.4   216.0   176.0
   705.9  1115.6  2179.4  3306.9   258.1   107.9   223.4   140.1
   725.9  1118.0  2192.0  3327.8   266.7   130.2   227.7   131.7
   736.9  1110.8  2194.4  3345.6   279.8   155.5   230.9   147.7
   699.7  1185.7  2227.0  3444.7   245.2   109.8   266.0   116.0
   708.8  1206.2  2218.3  3433.6   251.1   102.2   223.6   111.5
   716.7  1216.5  2216.4  3416.3   263.6    86.2   208.3   104.3
   717.1  1219.5  2209.6  3407.2   280.6    78.2   214.9   101.7
   727.0  1224.3  2202.8  3408.7   301.7    71.1   246.7    99.3
   790.5  1293.9  2217.0  3188.8   355.1   262.8   174.2   217.1
   794.3  1269.5  2206.7  3199.4   345.2   204.0   223.6   235.3
   792.8  1264.9  2149.9  3266.3   276.8   137.1   236.6   298.5
   789.5  1286.1  2167.1  3238.3   262.0   179.8   221.5   351.2
   797.1  1339.4  2187.5  3208.8   254.8   222.0   250.2   230.8
   454.7   774.4  2251.7  3110.8    55.5   161.4   291.2    38.1
   451.5   773.3  2248.3  3098.8    57.7   158.3   180.5    46.2
   449.6   774.2  2261.2  3086.1    57.6   145.9   155.7    54.6
   449.4   772.8  2270.3  3069.1    53.7   124.6   166.7    25.9
   448.5   772.0  2242.7  3058.5    54.4   129.2   172.7    21.2
   450.6   931.8  2232.5  3123.0    80.4   100.4   173.0   205.2
   451.5   926.2  2240.4  3093.3    85.4   102.9   153.5   128.9
   452.0   919.9  2238.3  3113.4    92.9   103.7   158.4   128.9
   451.5   913.4  2233.4  3142.1    97.4   104.7   180.4   138.4
   452.1   905.0  2228.0  3159.8    97.9   105.9   204.7    95.6
   452.6   922.5  2163.4  3139.8    69.7    90.4   403.3   122.9
   457.1   927.1  2152.2  3114.4    78.2    83.7   380.4    83.7
   454.3   921.4  2181.6  3127.4    67.1    85.3   593.0    92.7
   455.5   927.0  2177.1  3129.1    67.4    88.7   513.7   134.4
   453.1   920.9  2172.6  3143.6    60.8    93.5   685.5   159.5
   435.7   812.6  2140.3  3068.1    76.1   139.9   391.2    69.6
   435.5   813.7  2122.8  3067.8    77.1   134.0   489.3    75.4
   438.5   822.3  2113.2  3065.5    81.7   124.6   444.0    71.0
   449.8   834.2  2108.1  3048.7    93.4   103.8   304.0    62.8
   455.3   835.4  2117.4  3059.0   101.7    94.8   311.7    51.7
   443.7   796.0  2244.0  3035.1    43.2   110.0   172.6   126.9
   442.8   797.2  2247.1  3041.3    40.5    93.9   161.3   109.7
   442.7   799.4  2237.6  3061.6    39.7    88.2   185.5   154.5
   441.8   802.5  2224.6  3029.2    42.0    93.9   205.1   161.1
   443.3   807.2  2216.6  3034.9    40.1    85.0   210.8   156.7
   441.3   863.6  2245.2  3095.4    84.2    86.9   218.4   129.8
   439.1   858.8  2242.4  3089.7    78.6    81.3   219.2   123.3
   439.9   855.8  2237.6  3095.3    75.9    77.3   235.6   120.4
   441.1   853.4  2229.2  3110.9    76.0    73.9   253.0   134.2
   442.8   851.7  2222.9  3137.0    77.2    71.5   251.6   116.0
   465.6   882.2  2179.3  3144.5   131.0   127.3   220.2    94.9
   470.7   890.5  2154.3  3145.7   143.1   125.8   224.4    59.6
   480.4   900.9  2117.0  3140.6   158.9   122.1   255.7    39.7
   482.0   902.0  2096.4  3125.5   161.5   117.5   259.6    33.5
   478.2   896.9  2094.0  3122.8   152.8   106.2   269.2    26.4
   512.9   919.6  2175.9  3076.0    55.4    89.2   115.8    81.6
   516.0   912.5  2198.0  3097.1    65.2    80.6    69.2    68.2
   521.9   907.2  2193.4  3097.8    67.4    71.4    71.7    56.5
   521.9   902.5  2166.3  3094.4    61.6    69.6   116.0    94.9
   521.0   905.0  2147.1  3101.7    77.5    76.8   157.7   139.7
   463.4   895.0  2217.9  3111.0    91.9   104.7   144.4    97.6
   464.9   893.0  2206.5  3107.2    93.1    99.2   163.9   100.9
   466.9   892.2  2196.9  3105.6    96.1    97.8   179.6    93.1
   463.9   887.1  2185.0  3096.7    97.7    99.4   184.1   102.6
   463.0   881.1  2173.8  3099.4   100.5    92.1   196.5    99.4
   461.7   893.6  2216.0  3048.3   100.3   122.1   113.6    49.6
   463.8   882.0  2205.2  3046.3   105.0   118.5   106.2    50.6
   466.3   869.5  2183.6  3056.3   103.7   112.2   132.4    55.5
   462.7   852.9  2172.6  3053.0   108.6   120.7   125.2    49.9
   453.3   835.8  2179.0  3041.9   122.2   133.8    93.7    56.4
   454.9   866.0  2201.1  3089.5    64.1    98.6   143.4    99.2
   448.9   857.8  2198.4  3072.1    73.7   120.1   114.5   105.6
   449.6   844.7  2181.1  3079.1    72.9   117.1   109.2   119.4
   451.7   838.0  2176.8  3092.1    69.4   107.6   107.1   108.2
   451.9   838.8  2175.2  3099.0    69.3   107.9   100.3   115.1
   448.0   788.2  2272.1  3034.8    82.4   201.5   121.5   148.0
   447.7   782.4  2267.6  3072.4    80.7   174.9   124.4   176.1
   446.8   777.2  2271.3  3075.5    82.3   156.5   136.1   174.5
   445.4   771.0  2284.8  3076.4    89.5   145.6   157.4   155.3
   446.4   766.4  2297.0  3069.8    92.7   117.4   144.9   125.7
   456.4   887.5  2234.8  3007.5    47.5   156.9   199.4   127.7
   449.4   864.5  2237.6  3031.1    55.2   138.6   189.2   122.3
   444.2   854.3  2226.5  3029.7    68.2   125.8   201.2   127.3
   440.2   857.3  2225.3  3035.4    89.6   134.9   196.6   152.4
   442.3   858.3  2220.5  3045.9   122.8   162.4   227.4   135.8
   464.1   888.9  2218.4  3061.4   106.9   131.4   125.6   137.4
   467.9   886.4  2215.5  3065.6   109.0   121.5   129.8   106.5
   468.7   881.5  2219.7  3073.8   109.4   116.6   137.6   118.6
   469.7   878.9  2216.8  3086.3   110.3   110.6   140.4   117.4
   472.9   877.9  2219.8  3113.2   111.0   102.6   135.5    92.5
   455.9   864.1  2274.0  3106.4    71.4   141.9   265.0   121.1
   454.2   859.9  2253.2  3104.1    71.8   144.6   268.7   111.5
   453.9   856.3  2259.5  3118.5    67.5   138.4   266.0   137.3
   453.2   849.4  2254.5  3129.4    64.7   136.0   271.5   146.9
   453.6   845.4  2255.4  3136.9    62.2   130.7   236.8   129.7
   458.8   897.1  2249.0  3029.6    43.6    45.1   304.3   122.9
   457.2   894.2  2250.3  3021.3    48.7    47.3   238.0    73.4
   457.4   892.8  2229.3  3025.0    51.0    47.3   207.7    91.7
   459.7   888.5  2232.3  3060.6    52.2    42.8   248.0   110.7
   460.4   878.9  2231.3  3114.3    52.0    34.4   455.6    80.9
   478.6   926.9  2228.0  3015.2    63.9   120.2   136.6   146.0
   478.2   923.8  2229.2  2989.5    64.4   117.7   139.2   155.5
   478.5   921.5  2227.3  2968.3    63.7   111.8   151.1   140.0
   478.5   919.6  2220.8  2958.6    62.9   103.9   171.7   113.3
   478.3   916.3  2209.6  2961.2    61.7    98.7   215.0   110.4
   466.1   883.2  2274.1  3047.1    54.0   107.8   223.0   176.0
   465.8   882.1  2297.7  3074.2    52.8   105.2   200.2   194.8
   464.1   885.6  2286.7  3050.8    54.2   109.9   206.6   169.7
   464.4   883.7  2294.7  3055.0    49.1   103.8   235.6   145.1
   464.0   879.0  2267.3  3064.9    45.3   106.0   343.7   181.4
   454.1   862.9  2334.7  3034.0    54.9    98.8   209.1   218.2
   452.6   855.6  2344.1  3067.7    55.1   105.1   213.1   253.1
   451.3   847.4  2353.3  3075.6    56.4   106.4   206.2   169.6
   449.6   837.7  2346.2  3068.9    59.1   108.8   194.9   166.3
   447.9   829.1  2336.1  3088.1    64.9   114.4   181.5   198.3
   470.6   834.0  2156.2  3033.2   115.8    98.0   181.6    59.8
   465.1   838.2  2115.4  3014.2   136.6   107.6   131.7    70.2
   469.3   832.8  2103.6  3030.0   119.2    97.2   122.0    79.8
   475.3   824.8  2111.2  3074.4   100.1    80.3   110.0    85.8
   478.7   809.2  2106.5  3058.2    79.3    63.0    98.2    55.7
   559.0   922.6  2159.8  3058.5   200.1   261.4    97.1   133.3
   563.0   920.5  2161.3  3068.7   191.6   261.0    95.4   181.0
   552.4   896.0  2154.5  3091.5   164.4   251.4   105.0   159.7
   547.3   872.6  2148.3  3096.9   154.4   262.7   109.4   141.0
   553.3   868.9  2141.5  3091.0   154.4   312.1    84.3   138.4
   448.9   908.7  2232.0  3055.8    61.6   129.5   119.1   143.4
   451.1   904.0  2231.4  3039.9    61.5   109.3   175.8    96.4
   451.5   897.0  2220.9  3050.6    61.7   108.0   156.1    88.7
   450.1   888.4  2214.4  3067.8    63.3   114.7   117.8   122.0
   450.5   886.7  2212.3  3062.7    65.0   104.3   113.5   136.1
   371.0  1384.8  2189.5  3306.4   102.3   105.3   263.0   168.6
   374.1  1396.5  2194.3  3335.5    95.1    96.6   385.9   268.6
   378.2  1393.6  2208.9  3355.6    94.8    85.5   413.0   222.1
   378.7  1392.4  2241.0  3321.5    92.3    93.3   459.1   161.1
   380.9  1390.1  2169.3  3337.3    82.2   103.6   329.4   147.6
   379.9  1436.8  2050.1  3172.7    99.4    65.0    54.3   132.7
   375.3  1437.7  2054.9  3168.4   100.1    58.5    44.5   117.1
   370.8  1436.3  2058.8  3185.4    99.6    49.2    43.2    65.2
   366.6  1439.6  2062.5  3196.7    99.6    49.5    47.1    36.3
   364.4  1443.0  2062.6  3214.0    99.0    56.1    53.6    31.7
   363.5  1165.4  2194.2  3335.7    67.7    70.8   345.1   150.4
   355.7  1173.3  2186.6  3303.1    64.6    66.2   359.4   210.0
   358.8  1162.9  2183.0  3295.2    61.5    71.8   325.2   142.0
   361.2  1153.8  2179.1  3313.1    62.8    80.0   299.8   120.4
   360.8  1146.6  2159.1  3331.0    68.5   104.8   224.2   155.1
   378.7  1567.6  2024.2  3219.1    71.1    97.1   104.7   210.0
   378.7  1561.8  2045.9  3225.9    72.6   106.7   110.7   151.2
   383.7  1541.2  2031.4  3201.8    66.4    80.3    88.1   108.6
   385.0  1532.8  2032.9  3203.6    65.3    63.3    98.2    67.1
   381.1  1530.8  2043.7  3202.6    67.8    61.6   151.5    60.8
   383.9  1148.8  2046.2  3354.6    66.5   164.8    98.1   125.5
   384.7  1128.5  2037.4  3333.1    63.9   159.0   106.5   127.6
   382.6  1126.6  2028.2  3323.3    67.9   180.9   117.2   127.8
   383.6  1120.6  2026.0  3307.2    65.2   184.7   124.1   150.7
   385.8  1110.0  2038.8  3290.6    57.9   165.6   128.7   202.9
   394.1  1373.3  2108.2  3229.0    92.3    85.6    72.4   158.8
   395.6  1363.1  2081.1  3276.6    86.1    71.9    73.1   196.6
   397.9  1367.0  2065.6  3338.7    76.3    89.5    92.6   113.9
   401.0  1399.8  2068.1  3326.0    64.8   106.0   100.4    68.1
   404.6  1406.9  2072.1  3303.6    49.4   100.2    81.7    89.7
   369.6  1203.5  2100.6  3133.0    99.7   213.3   144.4    47.7
   371.7  1205.1  2102.8  3113.5    90.1   227.0   202.1    47.7
   369.1  1202.0  2047.1  3102.7    84.0   289.2   240.4    45.8
   363.7  1210.8  2038.1  3106.8    80.1   307.7   343.5    46.0
   360.3  1214.7  2033.9  3169.1    75.9   292.2   342.7   155.1
   387.5  1400.2  1968.8  3126.4    71.0    78.9    93.9   149.1
   384.6  1394.7  1967.8  3121.2    73.1    98.0    92.9   199.3
   381.9  1387.8  1974.5  3103.7    74.9    94.5    84.9   204.2
   380.4  1374.3  1976.3  3108.6    75.4   103.9    85.7   188.9
   375.2  1362.9  1978.3  3125.1    78.2   126.7    66.6   116.8
   375.8  1043.6  1929.5  3070.8    27.5    75.8   185.5   109.9
   371.8  1038.2  1884.4  3056.6    26.7    68.1   165.4   142.3
   366.3  1033.9  1872.4  3033.3    27.9    84.5   149.2   253.5
   360.6  1031.4  1902.9  3005.3    31.0   102.4   126.0   248.0
   355.4  1033.2  1913.1  3061.2    33.8   103.3   172.5   154.5
   372.3  1110.9  2260.4  3173.1   126.3   265.0   414.8   202.2
   380.4  1095.6  2317.0  3189.7   114.8   206.8   449.9   214.2
   384.1  1090.2  2321.7  3205.7   107.7   178.0   368.7   159.8
   376.7  1109.4  2288.9  3220.1   116.4   229.1   320.0   177.8
   377.5  1134.3  2267.0  3211.4   118.8   240.6   354.9   224.1
   404.8  1294.8  2123.6  3135.6    68.3   227.1   182.5    90.7
   405.4  1298.7  2121.9  3112.0    63.5   316.1   185.5    63.2
   405.6  1305.3  2129.1  3114.9    63.5   336.6   211.3    51.6
   404.9  1248.8  2111.3  3122.4    57.8   325.5   238.8    47.6
   403.4  1215.5  2096.8  3125.3    56.6   259.5   162.4    53.0
   373.6  1177.5  2128.5  3186.8    75.2   130.0   346.8   119.2
   364.1  1172.5  2072.4  3170.4    73.5   169.7   172.5    78.6
   354.7  1162.0  2065.5  3183.4    65.6   183.1   138.3    85.1
   351.1  1146.9  2082.8  3174.9    49.6   165.5   315.8    78.2
   348.7  1174.9  1990.3  3176.1    41.1   197.7   319.9    49.8
   392.6  1275.2  1991.7  3127.9    72.2   332.7   180.6   136.8
   387.5  1319.2  2029.2  3201.8    82.2   279.8   156.6   116.8
   388.6  1315.6  2050.1  3180.0    77.0   198.2   192.5   158.5
   389.1  1298.3  2013.6  3140.3    60.7   261.8   399.3   164.5
   385.3  1266.1  1921.6  3139.6    58.3   312.1   465.2   171.5
   366.0  1322.4  2103.6  3235.5    73.6    99.5   169.5   115.3
   372.3  1333.9  2113.7  3216.3    71.4    73.9   133.5   148.6
   375.3  1340.7  2135.7  3238.0    73.7    53.1   159.5   165.5
   376.7  1356.3  2110.9  3251.0    81.9    65.5   209.6   131.2
   384.0  1381.6  2099.4  3274.5    81.1    97.3   181.6   123.8
   380.8  1498.0  2056.3  3081.8    72.2    86.7   104.4   102.1
   380.3  1490.9  2047.6  3060.7    75.2    86.6   106.4    69.9
   376.8  1492.4  2037.0  3037.8    89.3    82.2    77.1    65.2
   379.6  1483.2  2028.4  3064.1    86.8    86.1    84.9    66.9
   382.4  1476.4  2032.0  3103.0    79.7    89.3    91.5    72.7
   389.5  1275.3  2050.5  3146.7    75.3   187.5   105.8    77.2
   386.5  1275.3  2032.7  3146.6    80.9   211.2    78.7    82.6
   386.1  1255.8  2031.9  3175.6    78.0   185.9    50.5   113.9
   386.7  1273.9  2024.9  3203.8    72.9   140.2    65.4   134.4
   387.4  1294.1  2026.3  3141.9    68.8   137.8    97.0   127.4
   355.7  1445.8  2051.6  3213.7   151.7    82.7   794.7    81.7
   359.0  1437.4  2077.5  3216.6   147.5    88.3   689.0    75.3
   362.5  1431.6  2090.4  3217.1   147.9   104.4   680.1    79.2
   363.2  1424.2  2105.9  3216.4   155.3   134.2   788.7    93.3
   364.1  1417.1  2083.9  3220.3   153.4   164.1  1146.8   117.6
   435.3  1025.8  2091.9  3335.0    92.1   120.6   129.9    50.5
   432.6  1030.3  2062.4  3318.1    93.6   141.2   140.2    47.1
   432.3  1036.3  2080.8  3309.3    90.7   152.6   126.2    92.8
   430.7  1029.1  2099.2  3305.9    98.9   189.0   135.5   102.5
   433.7  1027.5  2118.6  3307.4    80.0   142.9   167.2   133.6
   353.9  1060.5  2116.9  3335.9    98.2   161.3   387.4   132.6
   355.9  1048.5  2075.4  3305.5    95.8   133.8   291.8   119.8
   354.2  1054.5  2102.4  3291.8    96.5   145.2   192.7   112.8
   350.2  1048.0  2097.8  3262.0    96.7   162.6   172.0   115.8
   352.2  1048.5  2120.3  3323.4    94.2   157.1   220.5   221.0
   397.9  1300.5  2078.8  3157.0    34.1   107.3   203.7    82.0
   396.9  1309.3  2076.9  3137.1    36.2   104.0   169.0    75.2
   397.1  1319.4  2080.6  3146.3    35.4   100.0   150.7    61.5
   397.9  1313.3  2077.7  3158.4    31.6   111.0   159.5    84.4
   396.8  1336.9  2072.5  3148.4    30.8    98.9   163.5   116.6
   407.3  1372.0  2082.3  3122.5    69.4   112.0    98.3   104.9
   402.6  1382.8  2088.2  3117.5    84.2   130.6    74.0   123.5
   400.2  1386.2  2085.4  3120.0    87.9   160.9    79.3   119.9
   396.6  1378.1  2077.8  3110.9    91.1   165.4    94.9    94.3
   394.8  1347.3  2057.9  3110.0    89.0   159.5   149.8    74.5
   379.8  1189.3  1985.4  3150.9    93.5    82.0   129.0    60.1
   375.9  1190.9  1991.1  3164.5   103.6   107.9   136.3    63.1
   377.3  1182.2  1999.0  3177.7    95.2    90.1   127.0    45.8
   379.9  1170.6  1992.3  3170.5    82.4    80.3   130.1    39.7
   378.0  1165.0  2004.6  3160.2    81.8    82.6   158.4    55.9
   317.1  2394.6  3230.6  3794.9   109.3   108.2   181.0   244.4
   312.3  2406.0  3240.2  3775.2    97.8   232.9   200.4   235.9
   304.5  2385.9  3273.7  3793.5    83.0   214.0   248.6   193.6
   309.7  2398.9  3256.2  3754.6    73.1   188.0   239.0   221.3
   311.9  2397.5  3239.7  3754.8    69.1   217.2   207.9   255.9
   314.9  2374.0  3283.6  3822.9   149.1    99.9   128.4    81.1
   316.0  2372.0  3244.3  3780.4   149.1   104.5   159.1   110.7
   317.6  2383.1  3229.3  3779.2   144.0   102.2   170.0   132.9
   300.0  2364.2  3218.6  3796.1   145.0   115.1   173.2   160.1
   283.1  2338.7  3210.8  3804.7   128.1   141.6   158.7   169.0
   264.3  2453.0  3260.1  3791.8   154.6   214.6    96.1   203.3
   261.5  2467.8  3266.1  3773.9   160.5   176.7   117.7   234.3
   269.1  2451.4  3269.3  3777.8   165.6   153.8   111.4   254.4
   287.8  2438.7  3270.3  3788.5   175.8   156.6    90.8   248.2
   284.8  2445.9  3268.9  3800.9   199.8   190.2    84.8   234.5
   253.2  2221.4  3181.1  3777.7   172.1   106.0    71.5    60.5
   259.0  2209.4  3187.3  3778.6   177.2    89.1   106.1    62.2
   265.2  2208.5  3196.7  3784.8   175.4    82.3   110.2    70.6
   273.3  2215.5  3191.6  3792.7   174.3    83.7   133.7    92.6
   289.1  2207.5  3163.2  3792.8   168.5   100.7   194.8   110.7
   255.3  2388.5  3182.8  3673.4    43.2   120.4   309.6   361.7
   255.3  2365.6  3170.3  3718.1    54.2   104.3   262.2   292.6
   260.0  2379.3  3163.4  3704.8    72.4   106.4   195.2   258.2
   263.0  2361.7  3210.4  3739.7    83.4   161.5   343.7   246.3
   263.1  2362.8  3232.7  3744.4    84.5   164.3   305.0   266.2
   317.5  2302.8  3296.2  3759.5    54.3   165.4   157.2    38.4
   318.6  2309.5  3282.4  3753.9    56.5   124.6   147.2    34.6
   319.8  2308.5  3265.3  3745.5    59.5    94.8   149.8    38.5
   320.6  2304.2  3245.7  3732.4    56.6    82.2   140.7    37.4
   321.4  2302.3  3215.5  3713.4    54.5    93.7   131.6    34.6
   302.7  2142.7  3283.8  3717.2    85.8   106.0   133.4   177.0
   304.6  2147.6  3284.6  3730.7    87.2    95.0   141.5   182.6
   305.6  2153.3  3273.1  3724.7    87.2    95.6   133.7   159.3
   305.2  2156.2  3260.2  3715.4    84.7    98.6   115.7   136.9
   304.9  2152.5  3245.4  3708.3    79.2   102.5   124.6   139.8
   294.8  2214.8  2972.7  3616.9    75.6   104.1   107.9   260.5
   290.9  2222.8  3009.7  3627.6    74.9   113.8   163.7   296.4
   288.6  2228.8  2993.4  3638.3    72.4   186.9   130.4   204.8
   293.3  2240.9  2986.6  3629.5    69.9   213.7    71.4   161.8
   299.0  2265.1  2983.7  3614.8    68.1   251.9   140.4   221.4
   309.1  2221.3  3039.6  3686.4    52.2    81.2   191.5   383.0
   303.0  2226.4  3042.2  3622.3    51.5    61.4   113.4   286.5
   302.3  2223.8  3038.0  3597.3    46.9    58.0    91.2   216.7
   298.7  2233.5  3043.8  3597.5    44.8    72.8   117.9   234.8
   293.5  2223.0  3030.2  3582.0    43.9    92.2    93.6   204.8
   255.0  2338.3  3024.8  3692.4    53.2   228.4   127.6   107.0
   255.8  2358.5  3018.3  3690.7    55.3   267.5    83.3    95.1
   252.1  2357.1  3003.5  3693.6    53.8   299.7    87.7   101.2
   247.4  2334.4  2988.4  3692.6    53.7   318.7   113.9   111.8
   245.4  2332.9  3018.2  3686.4    57.5   244.9   118.6   116.6
   255.2  2274.2  3254.7  3757.9    44.8   147.0   102.9   152.1
   254.9  2265.5  3275.1  3790.9    47.8   196.2   167.3   125.0
   259.1  2240.5  3288.6  3809.1    52.8   205.9   163.3   222.0
   261.6  2271.4  3266.6  3844.6    58.0   146.7   114.2   204.3
   265.6  2282.9  3253.9  3825.5    61.3   146.7    99.3   208.9
   291.0  2324.0  3267.1  3788.9    90.2   236.7    68.3   154.8
   284.0  2308.8  3251.2  3763.2    93.3   181.1    73.0   121.1
   290.9  2301.2  3250.8  3775.1   101.2   206.2    60.9   105.8
   295.6  2248.6  3253.5  3780.6   108.7   231.3    66.0   116.2
   288.6  2287.3  3237.3  3781.4   131.8   200.3    61.2   138.8
   312.4  2279.0  3053.3  3606.9    45.0    62.1    90.4   176.1
   304.1  2292.2  3034.9  3577.4    51.9   107.8    90.2   165.1
   297.3  2293.9  3043.9  3575.8    53.3    90.8   110.4   175.6
   299.6  2287.3  3036.1  3563.4    48.9    78.3    76.2   161.4
   297.0  2306.9  3021.5  3586.2    54.6    94.5    99.3   239.3
   271.4  2244.0  3132.2  3796.1    63.6   110.9   282.1   118.0
   271.4  2260.7  3132.0  3784.0    62.4   145.1   224.6   151.8
   271.1  2239.7  3106.6  3791.6    56.2   136.7   181.8   218.6
   270.1  2237.2  3111.6  3843.2    51.5   100.8   155.8   289.7
   268.4  2257.9  3119.9  3775.4    54.7    94.3   149.4   285.8
   310.3  2273.9  3289.2  3865.6   130.9   132.8   200.4   103.6
   306.2  2269.4  3277.6  3846.5   138.7   163.8   188.6   114.5
   307.6  2276.0  3267.1  3818.3   134.7   159.1   174.6   132.5
   313.9  2280.3  3268.8  3833.9   117.4   124.1   216.3   133.1
   314.2  2279.9  3258.4  3843.7   110.3   137.5   321.0   128.3
   279.3  2213.5  2998.0  3632.5    50.3   119.8    75.8   240.2
   280.4  2200.5  2998.8  3623.0    52.1    94.7   110.0   333.8
   278.9  2218.4  2995.9  3600.0    55.1    96.0   107.2   277.7
   281.3  2218.5  3007.5  3633.8    57.9   156.3    79.3   249.8
   288.5  2205.5  3011.1  3627.4    60.2   116.1    99.8   196.5
   251.0  2278.2  3177.6  3832.6    43.4   143.3   193.0    71.8
   249.6  2276.8  3238.8  3814.0    44.0   168.5   167.4    76.0
   248.6  2281.4  3247.3  3804.2    47.1   138.7   147.6    88.4
   250.2  2283.8  3243.2  3813.7    52.8   107.2   171.7   108.1
   250.1  2282.9  3241.1  3805.7    57.2    85.1   203.1   115.8
   288.1  2189.8  2981.8  3604.7    75.1   181.3   148.9   170.5
   301.4  2229.4  2999.8  3600.5    67.2   250.5    85.6   116.9
   305.0  2238.6  3011.9  3645.4    63.5   216.3    57.9   177.1
   298.4  2205.1  3010.6  3638.8    67.9    80.9   148.0   250.0
   300.7  2204.3  3026.9  3614.8    78.6    69.7   205.7   277.3
   287.2  2296.8  3137.6  3773.8    91.4   171.3   114.8   122.7
   291.2  2287.5  3109.5  3757.0    83.1   189.8   105.3   104.9
   293.6  2284.8  3105.9  3717.5    79.2   245.0    76.2   110.1
   297.3  2312.6  3119.8  3731.3    78.4   192.1    72.1   135.5
   300.0  2304.6  3122.0  3743.9    76.0   193.1    91.5   192.6
   266.2  2249.0  3045.8  3736.7    74.9   134.8   308.2    99.1
   267.8  2271.3  3022.7  3719.7    76.9   273.0   265.1   143.9
   268.3  2303.1  3056.4  3715.6    83.5   175.5   131.9   191.6
   272.6  2295.3  3079.4  3713.1    94.6   105.1    97.4   187.0
   269.0  2294.1  3098.1  3746.0    95.7   123.9   108.3    87.2
   253.4  2254.1  3071.7  3828.3   134.9   180.7    98.3   210.0
   233.6  2264.5  3083.9  3827.4   210.4   134.4   110.0   332.3
   220.4  2271.4  3092.1  3844.2   231.0   167.4   133.5   437.0
   227.2  2263.9  3072.7  3787.6   214.1   193.3   118.9   449.6
   240.5  2245.5  3050.8  3773.7   202.9   199.1    88.9   376.5
   289.6  2287.8  3087.3  3841.2    90.6   234.4   115.4   196.9
   277.8  2259.4  3127.8  3841.9    93.2   181.5    85.3   193.3
   282.9  2244.8  3121.0  3831.9    98.3   155.1    70.8   201.0
   284.5  2273.6  3118.1  3841.5    99.1   194.7    71.1   173.7
   274.6  2258.1  3092.0  3810.2    92.1   224.9   150.6   157.4
   441.4  2018.0  2650.9  3715.7    73.9    67.5   290.0   247.0
   439.1  2016.6  2668.4  3731.2    72.7    82.6   250.4   168.7
   438.1  2011.5  2653.2  3730.4    71.7    78.5   304.3   197.5
   436.5  2006.9  2654.2  3725.1    71.8    89.5   384.8   157.0
   432.0  2000.1  2630.6  3722.7    71.9   121.7   436.5   184.3
   412.7  2033.9  2760.0  3585.2    44.1   102.9   332.2   175.2
   414.8  2034.1  2762.4  3592.5    44.7   112.8   319.9   194.0
   416.7  2032.7  2770.6  3593.6    45.2   103.2   354.4   199.9
   418.4  2042.0  2780.9  3588.4    48.5    93.6   387.3   236.3
   419.4  2027.5  2768.6  3609.4    53.4    81.8   329.4   262.7
   415.9  2090.7  2723.2  3695.7    47.3    55.4   187.0   398.8
   414.9  2079.4  2688.1  3680.3    50.7    54.1   223.8   285.8
   414.9  2074.8  2667.2  3685.6    52.9    56.7   252.5   259.7
   415.8  2073.1  2704.0  3692.6    56.7    67.2   262.1   302.4
   415.6  2066.0  2718.5  3749.9    57.9    59.5   215.8   279.5
   434.0  1984.9  2611.0  3665.2    50.0   133.4   146.9   195.3
   432.8  1991.8  2633.1  3646.9    49.4   113.2   121.9   170.5
   432.5  1993.6  2643.3  3649.0    48.6   104.8   139.0   145.5
   429.2  1997.2  2631.2  3625.4    49.2    98.0   120.9   180.3
   426.9  1999.5  2615.5  3630.6    48.9    90.1   101.7   198.5
   432.1  2029.1  2703.4  3566.2    59.1   106.3   238.1   489.6
   432.1  2029.5  2695.5  3532.3    58.7    94.5   222.1   298.3
   429.5  2031.4  2679.0  3564.6    65.9    75.9   265.9   271.2
   430.1  2037.1  2675.5  3632.4    67.4    65.4   198.3   343.5
   432.6  2038.4  2664.3  3578.6    64.9    58.7   170.6   497.3
   427.4  1994.9  2677.4  3796.3    53.0    72.6   156.3   149.0
   428.6  1988.3  2687.9  3815.1    52.3    80.4   154.4   161.0
   429.1  1991.2  2675.1  3774.9    53.1    85.7   147.2   213.7
   430.5  1986.7  2674.1  3771.9    53.4    97.9   131.6   241.2
   431.6  1994.6  2663.2  3787.4    53.7    85.9   188.0   351.0
   421.8  1968.1  2656.4  3763.2    33.3    49.0   137.2   127.1
   422.6  1973.4  2665.6  3763.5    32.9    48.1   165.5   122.4
   424.1  1975.7  2667.0  3760.0    33.4    49.1   163.3   130.2
   423.5  1976.8  2655.2  3768.6    34.3    51.9   143.3   136.4
   423.1  1973.7  2655.3  3775.2    35.8    53.1   138.8   141.1
   407.9  2025.6  2644.8  3704.6    40.1   110.8   154.2   131.1
   406.6  2028.7  2666.6  3704.4    45.6   129.6   169.6   158.2
   411.0  2030.3  2647.0  3703.5    50.4   127.2   162.4   188.4
   411.1  2022.7  2624.0  3702.3    54.9   101.8   144.2   142.4
   411.4  2023.1  2627.0  3708.8    60.4    92.0   147.0   127.2
   421.5  2020.8  2590.3  3797.9    58.9    81.1   245.3   119.9
   419.6  2040.3  2607.8  3809.9    63.2    89.4   292.1    87.7
   420.4  2040.0  2556.8  3817.0    67.8    79.8   231.6   106.5
   422.7  2037.6  2540.8  3811.0    74.7    73.4   213.6   125.3
   423.0  2039.1  2581.3  3786.3    72.5    68.1   222.9   113.8
   431.7  2024.6  2580.0  3832.2    72.3    48.5   406.6   156.4
   431.8  2028.2  2587.6  3861.8    62.7    41.1   356.9   140.9
   431.2  2030.3  2605.2  3835.5    58.3    36.1   414.8   139.3
   430.6  2027.3  2594.4  3840.7    54.4    42.5   485.6   142.3
   428.7  2027.6  2631.0  3827.6    54.3    54.7   635.5   153.6
   415.7  2000.0  2630.7  3775.4    42.3    89.0   267.6   129.4
   415.8  2011.5  2626.9  3798.1    41.8    91.8   266.8   112.4
   416.1  2029.4  2630.2  3801.4    44.3    86.0   239.5   122.2
   415.4  2028.5  2639.2  3798.5    46.6    90.7   216.2   124.8
   412.9  2031.1  2649.5  3840.0    45.3    82.7   180.4   155.8
   422.6  2041.7  2684.1  3873.4    93.1    50.2   142.5   136.7
   420.4  2041.8  2680.4  3875.6    84.6    42.3   159.9   144.8
   419.1  2037.7  2698.6  3848.7    83.6    43.8   227.7   185.7
   420.8  2036.8  2709.3  3843.3    85.3    53.8   280.8   185.6
   425.9  2040.8  2669.2  3858.2    94.4    50.3   249.1   153.6
   437.5  1939.7  2725.2  3919.6    43.3   143.7   114.9   322.4
   437.7  1941.7  2722.8  3869.9    43.5   119.0   112.0   261.5
   436.9  1934.6  2726.7  3830.7    46.9   114.3   124.7   254.6
   433.9  1930.3  2726.9  3853.3    59.2   104.3   147.5   263.5
   433.5  1934.8  2728.3  3925.3    78.0    89.8   158.1   224.9
   409.2  2056.3  2650.5  3825.6    66.3    74.1   301.3   122.8
   408.1  2056.4  2657.5  3808.7    67.0    63.6   340.3   188.5
   409.9  2051.1  2652.9  3806.9    72.9    62.0   309.6   181.6
   411.4  2055.0  2630.4  3827.5    79.9    62.4   209.1   233.1
   411.2  2058.1  2605.7  3858.4    76.3    62.7   230.5   165.1
   435.4  2064.4  2639.7  3840.8    72.9   144.9   162.9   196.2
   433.1  2076.1  2626.0  3829.2    72.4   126.2   161.4   241.8
   432.0  2083.8  2631.7  3815.5    72.7   122.5   151.6   315.0
   432.4  2084.7  2643.7  3804.4    73.7   122.2   150.3   421.3
   434.4  2082.1  2640.9  3803.4    73.4   120.0   148.7   584.5
   426.8  2035.6  2672.1  3818.2    75.7    55.0   161.2   200.5
   427.9  2036.3  2681.3  3791.6    75.2    59.8   173.1   223.7
   433.4  2042.1  2674.4  3791.0    72.7    74.7   168.4   251.4
   431.4  2066.4  2661.3  3805.2    75.7    77.0   172.8   221.0
   428.8  2064.3  2696.0  3800.4    79.4    77.2   296.0   175.0
   406.2  1956.6  2653.3  3790.4    71.1    73.7   275.8   477.8
   406.8  1939.5  2627.4  3818.2    74.9    76.9   305.5   508.3
   413.1  1929.7  2627.4  3829.2    76.6    65.9   311.2   543.3
   420.4  1938.2  2631.5  3788.7    77.8    62.2   286.1   661.3
   427.0  1949.5  2656.2  3735.2    79.6    72.2   273.2   563.0
   456.5  1981.9  2670.3  3606.5    76.3    30.9   227.0   510.1
   455.2  1982.7  2687.2  3587.5    75.0    33.2   185.3   599.8
   454.5  1982.6  2682.2  3583.8    73.2    33.9   168.7   652.7
   454.8  1979.2  2662.1  3591.5    72.7    37.3   189.0   532.8
   452.5  1975.7  2664.3  3593.1    73.3    43.8   254.8   425.9
   426.3  1950.0  2714.1  3818.7    54.3    98.4   191.2   448.9
   427.2  1953.9  2691.8  3776.9    53.6   100.9   152.8   518.7
   430.2  1971.7  2718.4  3798.9    57.7   137.3   186.6   432.4
   428.9  1954.9  2754.3  3815.9    62.6   200.5   232.4   357.9
   433.1  1978.7  2722.6  3796.6    57.1   200.4   132.4   552.5
   431.5  2034.5  2720.1  3719.0    23.1   105.5   196.1   160.6
   433.1  2028.4  2718.0  3709.4    24.3    78.4   173.2   143.8
   433.4  2021.1  2688.7  3705.5    25.7    78.1   125.5   168.0
   433.8  2029.5  2699.5  3748.5    27.1    74.9   143.5   157.6
   432.5  2026.0  2699.0  3726.7    29.6    61.7   154.4   132.2
   429.7  2015.1  2708.5  3882.0    46.7   150.3   315.9   163.4
   430.5  2007.0  2710.8  3866.7    43.0   150.4   282.0   165.1
   430.6  2003.5  2727.6  3835.5    41.3   142.5   287.1   201.6
   428.3  1999.6  2693.5  3852.4    40.0   116.8   373.2   187.2
   428.5  1995.4  2701.4  3852.0    37.5   113.2   333.7   187.7
   443.8  2019.8  2719.3  3555.4    87.3   160.5   219.4   182.5
   442.4  2025.6  2727.2  3575.3    82.9   122.2   203.8   189.3
   444.6  2022.7  2716.5  3583.6    77.9    98.6   184.9   236.5
   446.7  2027.2  2698.2  3559.1    72.7   100.6   172.1   268.6
   447.7  2023.4  2680.2  3548.8    68.3    91.3   162.2   243.1
   718.4  1315.8  2753.8  3803.4   220.1   173.6    56.4   169.1
   710.3  1331.8  2755.7  3800.5   248.7   128.3   106.3    99.6
   721.4  1341.2  2717.8  3832.0   296.6   103.6   246.1    91.2
   724.7  1325.0  2740.8  3842.7   332.0   133.2   148.6    75.4
   716.9  1304.4  2755.4  3827.9   300.3   151.7    64.0    97.4
   747.7  1281.8  2779.0  3613.0   294.2    98.2    77.8   334.4
   743.7  1284.9  2790.6  3559.8   246.2    92.4   109.8   284.3
   739.6  1281.7  2797.3  3584.8   214.1    87.2   132.5   237.9
   732.0  1282.0  2813.6  3606.5   198.0    95.4   147.9   208.1
   729.5  1294.3  2821.8  3611.2   190.3   109.9   160.5   227.4
   743.7  1329.2  2763.5  3832.6   142.8    74.5   121.5   229.5
   751.8  1323.2  2757.2  3833.8   131.8    84.7   106.7   207.3
   767.7  1325.0  2784.4  3832.5   146.0    93.1   107.4   197.2
   785.4  1332.5  2829.4  3838.0   155.5   103.0   144.1   152.3
   793.7  1335.8  2791.7  3846.3   170.2   112.5   132.6   224.0
   782.0  1406.4  2642.0  3693.6    87.3   118.0   231.3   110.6
   778.7  1406.3  2651.9  3696.9    79.1   114.5   232.5   108.1
   778.1  1406.5  2659.7  3698.4    78.9   115.6   231.7   118.1
   778.5  1403.3  2665.5  3707.7    84.7   112.2   227.0   124.5
   776.6  1405.8  2664.6  3722.0    88.1   109.2   212.6   101.1
   868.0  1362.8  2829.0  3943.6   188.7   123.5   159.2   108.3
   877.0  1406.1  2786.7  3925.9   169.9   101.3    53.9   151.5
   860.6  1436.3  2803.1  3911.3   161.2    59.1    47.5   121.4
   871.6  1441.2  2822.3  3872.1   211.9    48.7    75.5   188.9
   833.7  1444.5  2801.6  3903.3   171.1    76.6    90.4   176.4
   855.3  1299.5  2755.6  3916.9   124.7    65.4   123.9   146.7
   859.0  1322.8  2742.1  3914.2   138.3    89.5   146.5   251.4
   867.3  1331.3  2750.0  3964.3   118.9   141.4   111.4   281.9
   858.9  1318.1  2772.3  3954.5   122.0   149.8    89.0   197.6
   844.2  1326.6  2780.2  3953.5   137.0   148.6    84.2   128.9
   799.2  1464.7  2695.5  3919.0   180.1    88.8   249.9   351.8
   814.8  1445.2  2692.3  3797.8   128.7    66.9   118.0   170.1
   805.3  1452.3  2741.5  3835.0    65.7    53.1   173.9   153.1
   811.0  1462.3  2789.6  3843.0    65.9    64.2   231.6   276.5
   847.5  1459.8  2780.3  3912.5    85.5   114.7   172.7   210.0
   825.0  1401.7  2695.9  3921.6   301.3   122.7   151.7   405.1
   817.7  1408.1  2713.2  3920.2   261.1   100.5   115.5   310.8
   816.9  1379.4  2718.7  3868.2   242.1   138.9    74.3   445.2
   838.7  1384.1  2714.5  3873.7   284.0   115.4    85.5   514.9
   847.1  1360.5  2713.3  3882.5   321.7   129.9   160.5   419.2
   752.9  1449.7  2683.2  3727.8   211.8   129.6    99.3   175.8
   762.6  1448.0  2678.7  3718.1   198.1   112.1   112.8   163.4
   763.9  1447.6  2672.1  3707.1   191.9    97.1   107.9   164.6
   763.7  1449.7  2658.8  3696.5   204.2    95.5   104.6   169.1
   766.1  1450.9  2644.1  3708.9   199.1   101.4    99.2   167.9
   695.6  1275.6  2816.0  3774.4   140.3    90.6   142.0   396.3
   700.0  1267.6  2805.5  3704.4   135.9    79.7   114.1   362.2
   708.3  1267.4  2797.3  3687.4   137.3    90.1    97.3   238.7
   715.1  1270.8  2797.1  3685.0   147.3   104.2    80.8   184.6
   713.2  1281.5  2796.0  3721.5   172.8   122.9    90.4   234.2
   705.6  1360.5  2738.5  3783.0   126.6   173.6    49.6   189.9
   707.5  1352.1  2731.1  3782.7   125.3   169.2    59.8   137.2
   708.9  1345.0  2726.6  3781.7   127.0   164.9    55.6   117.8
   709.8  1343.2  2721.9  3782.3   133.3   175.5    49.9   122.9
   709.0  1324.0  2721.8  3785.4   133.8   147.6    48.8   217.9
   746.6  1244.2  2746.5  3890.1   156.1    80.4   110.0   189.9
   764.9  1263.2  2761.8  3846.5   214.4    85.4   112.3   174.7
   794.7  1278.8  2755.2  3849.0   212.0    72.7    88.3   228.5
   800.1  1270.1  2761.4  3860.8   229.9    79.0    97.6   306.5
   810.9  1261.8  2765.5  3877.6   231.4    74.1   107.8   283.9
   710.4  1259.0  2574.3  3718.4   155.0    64.9   209.7   235.0
   713.0  1259.4  2568.9  3761.5   152.2    69.1   132.7   183.1
   715.7  1265.7  2574.3  3762.3   156.6    75.7   162.7   138.1
   714.7  1270.2  2595.0  3738.8   169.4    81.5   244.2   139.2
   708.8  1269.7  2592.2  3742.8   185.3    89.6   167.6   137.9
   823.5  1264.9  2717.3  3815.7   179.3    75.4   118.0   476.1
   815.0  1269.4  2714.7  3780.8   158.2    65.7   114.7   460.4
   810.1  1273.5  2718.7  3769.7   133.1    56.8   126.3   465.7
   808.0  1271.2  2730.0  3756.1   136.7    62.3   161.4   481.8
   812.0  1264.3  2752.6  3751.5   147.7    79.1   233.2   429.5
   738.3  1366.3  2765.3  3759.8   130.6   111.3   171.3   332.6
   744.5  1371.2  2759.6  3767.0   137.7   104.9   138.8   387.7
   748.6  1371.3  2768.9  3766.0   134.7    98.1   106.9   401.5
   748.1  1368.0  2765.8  3770.5   127.7   106.6   123.4   298.1
   754.1  1366.6  2772.3  3792.8   128.4    90.9   138.1   397.7
   712.2  1298.7  2762.8  3765.3   137.6    69.5    81.7   209.4
   719.3  1307.9  2743.2  3744.5   153.5    87.8    79.3   204.4
   718.8  1327.7  2748.0  3755.4   156.3   101.9    81.1   198.7
   716.4  1335.4  2755.9  3741.4   163.6    93.6    94.8   224.2
   727.2  1333.2  2766.3  3707.3   177.7   113.1    94.2   210.8
   812.9  1373.3  2802.2  3850.2   254.0    96.7   170.3   568.6
   821.0  1386.6  2794.6  3948.7   219.1   136.0   145.3   383.5
   830.5  1389.2  2769.0  3967.5   189.8   117.7   138.8   382.9
   827.5  1383.4  2762.5  3955.9   181.9    90.6   126.9   548.5
   826.0  1378.2  2792.7  3929.6   188.5    73.1   110.3   230.1
   681.5  1295.1  2734.1  3841.7   115.1   152.3    58.6   175.8
   680.6  1301.9  2721.5  3790.5   133.7   164.8    68.5   248.6
   685.6  1294.9  2720.1  3809.5   133.9   158.0    68.0   195.1
   685.1  1294.9  2736.2  3796.9   137.5   145.9    83.3   211.8
   679.9  1297.0  2735.6  3740.4   146.2   152.3    83.2   180.9
   734.7  1353.0  2677.8  3733.8   251.7   187.4   122.5    90.8
   739.1  1352.2  2710.0  3734.2   230.2   155.8   146.9    98.0
   735.4  1357.6  2725.8  3739.7   204.9   114.2   138.9   131.4
   732.2  1346.0  2723.8  3712.4   231.2   125.6    82.9   161.4
   740.1  1335.6  2705.0  3720.2   245.2   159.9    60.9   114.7
   737.5  1395.9  2747.1  3825.2   232.7   165.4   110.9   206.3
   718.6  1402.2  2751.0  3808.9   190.8   143.6   136.9   188.4
   727.8  1405.4  2750.1  3798.7   135.3    96.8   100.0   203.3
   744.4  1399.3  2741.3  3832.1   113.6   108.5    83.3   186.1
   752.8  1382.0  2740.3  3852.4   113.0   155.8    94.9   123.4
   689.0  1275.4  2560.6  3604.7   144.1    97.1   101.7   210.1
   691.3  1270.5  2553.8  3640.6   151.2    95.2    94.3   213.1
   686.4  1268.9  2555.0  3640.5   178.6   120.3    95.3   159.4
   686.0  1269.4  2582.6  3633.0   190.3   136.4    98.5   172.6
   684.9  1282.0  2575.9  3636.1   185.9   142.3    86.7   183.0
   856.8  1425.5  2748.6  3983.9   191.2   108.2   137.8   344.2
   859.2  1418.2  2746.3  3997.9   169.8    81.0   135.0   343.5
   854.0  1400.0  2732.3  3981.8   173.9   105.8   151.7   352.1
   847.5  1417.7  2714.0  3956.6   130.9   106.7   211.8   330.4
   859.4  1411.9  2709.1  3944.1   120.8    78.0   165.0   262.1
   443.1   883.2  2813.6  3294.4   102.5   218.5    67.9   139.4
   444.8   885.7  2824.4  3316.9   101.1   216.9    84.7   153.4
   449.9   878.7  2816.2  3306.8    95.9   212.6    97.4   193.8
   443.6   853.3  2803.5  3286.8   101.4   263.2   104.5   225.2
   443.2   839.1  2809.3  3299.2    97.3   250.9   124.6   217.6
   437.6   890.4  2798.7  3380.1    83.5   135.9   102.0   183.5
   438.6   883.8  2813.8  3380.7    76.7   122.9   101.7   205.5
   436.5   882.2  2824.6  3389.5    78.2   142.9    84.1   272.8
   438.0   888.8  2818.3  3367.6    79.6   156.4    62.1   273.7
   442.5   884.7  2812.9  3390.5    74.4   123.5    56.5   204.6
   473.4   917.5  2800.4  3311.4    69.1    82.1   122.0   159.0
   471.0   916.6  2799.4  3299.2    75.3    98.6    74.0   178.8
   470.3   918.5  2798.0  3288.3    76.2   109.1    65.9   127.7
   474.9   919.9  2794.6  3262.4    69.7    80.8    83.9   113.2
   477.4   914.5  2811.5  3273.0    64.6    69.0    99.3   166.5
   468.1   933.3  2758.6  3398.8    87.8   121.1    94.5   249.5
   473.1   934.4  2751.5  3378.7    84.5   140.6    91.8   194.6
   477.0   937.6  2754.8  3390.6    81.1   155.6    87.3   145.7
   477.0   929.4  2746.8  3405.0    81.9   163.4    85.5   131.1
   482.5   925.2  2751.2  3425.1    69.7   157.8   105.3   131.6
   429.3   847.9  2763.4  3329.8    30.3   113.6    57.4   100.0
   430.2   850.2  2765.7  3292.0    27.2    95.4    61.4   176.4
   427.9   852.9  2750.3  3315.0    27.8   102.1    85.1   206.7
   425.9   850.2  2750.4  3302.9    28.2    93.2    85.5   167.7
   425.2   852.3  2748.1  3297.9    27.8    85.5    95.7   167.3
   410.4   871.1  2701.6  3425.1    48.2    71.3    38.2   282.6
   411.2   864.7  2706.1  3427.3    47.4    67.8    46.0   340.6
   411.4   862.9  2702.1  3426.2    46.1    64.2    42.9   242.0
   409.4   860.6  2700.5  3439.6    45.9    68.6    41.5   191.8
   407.6   858.0  2698.6  3423.2    45.9    66.6    45.0   193.0
   435.4   947.0  2757.2  3299.7    66.7    51.2    65.7   167.2
   434.6   946.3  2752.9  3286.0    69.2    54.2    61.9   145.7
   437.7   943.3  2743.6  3273.5    70.7    55.4    59.7   135.4
   442.6   939.5  2743.8  3270.9    71.3    54.2    58.0   110.5
   443.2   937.4  2742.7  3269.3    74.2    61.9    69.3   111.9
   444.7   945.0  2756.3  3456.8    78.8    84.2    88.4   118.8
   452.6   937.4  2742.3  3438.4    78.9    79.2    77.9    84.4
   456.4   936.7  2735.2  3427.4    80.5    86.7    65.6   105.6
   462.1   933.3  2752.0  3402.5    78.8    94.7    86.2   133.3
   468.4   919.0  2766.6  3426.9    72.3    72.7    70.8   111.1
   494.5   976.6  2745.6  3321.1    65.3   154.5    86.4   351.9
   493.3   969.3  2740.7  3311.8    66.8   148.8    67.8   297.1
   493.1   967.2  2736.8  3290.2    66.0   136.3    65.2   303.3
   493.8   957.0  2741.8  3298.0    63.8   113.9    57.4   326.2
   493.4   942.6  2745.4  3324.1    62.3   106.3    70.9   487.6
   426.9   889.7  2759.7  3426.7    64.2    87.5   122.2   235.6
   425.5   878.2  2754.8  3392.5    69.1   114.9    69.5   152.9
   430.1   874.4  2745.4  3372.6    68.4   104.3    87.9   124.9
   437.8   880.6  2755.3  3391.9    63.6    87.1   108.8   153.4
   441.2   879.9  2787.8  3421.0    62.5    83.9   109.5   168.4
   442.6   906.0  2801.2  3355.1    74.2    89.0   120.5   168.7
   442.1   902.1  2805.2  3349.5    73.3    95.6   115.7   156.6
   439.3   904.8  2802.0  3353.9    73.7   102.4   122.5   137.7
   439.6   909.2  2803.2  3346.8    74.1    99.3   103.9   156.7
   441.5   906.3  2814.4  3355.0    72.3    99.3   122.6   192.6
   426.9   851.0  2725.2  3151.9    34.3    66.9   100.0    69.7
   428.7   849.0  2723.3  3144.2    33.5    57.4    85.4    69.8
   429.3   850.0  2727.7  3151.4    34.5    57.9    79.6    69.6
   430.1   848.8  2719.4  3147.7    35.1    53.4    74.0    70.9
   428.4   848.1  2720.5  3146.3    39.2    62.7    77.6    83.9
   443.4   893.8  2777.6  3400.2    78.8   102.0    74.1    78.3
   454.6   898.1  2787.6  3383.3    67.6   104.9    72.5    82.8
   454.8   902.2  2791.1  3383.8    49.6   100.8    75.5    71.5
   447.3   885.2  2773.4  3389.3    47.9    96.4    96.3   119.6
   440.1   875.6  2775.8  3406.6    55.2    73.2   108.8   160.5
   472.8   932.6  2790.7  3435.5    74.4   107.2    56.8   251.6
   475.1   932.8  2796.6  3453.9    73.0   100.1    66.9   273.9
   477.4   935.6  2803.6  3455.2    74.6   102.1    73.4   288.9
   478.2   940.4  2795.6  3457.2    74.6   107.7    76.9   281.0
   479.4   944.1  2782.8  3440.6    73.8   119.5    71.2   249.0
   431.3   911.5  2787.3  3439.6    72.9   126.8   102.3    94.8
   431.3   907.9  2792.6  3461.0    78.4   153.3   135.8    85.8
   429.4   903.6  2811.7  3445.2    79.8   169.1   153.8    93.4
   434.1   916.3  2799.5  3437.7    79.1   158.8   147.1    80.8
   437.6   926.0  2793.5  3429.6    82.0   173.4   158.7    55.4
   474.7   922.3  2766.9  3353.6    71.2    44.9    51.2   241.6
   477.3   919.9  2767.9  3353.4    70.4    47.6    53.0   185.0
   483.7   915.5  2761.4  3357.9    59.7    51.2    77.7   120.2
   487.5   913.3  2772.9  3364.3    51.6    58.3    79.5   113.4
   488.4   909.4  2784.3  3379.5    44.3    66.7    64.5   139.4
   474.9   905.0  2763.3  3301.6    64.7   132.3   113.4    86.7
   475.2   895.1  2754.4  3282.5    66.2   151.9   129.1   120.9
   475.3   895.8  2757.3  3259.2    68.3   170.1   116.2   169.1
   477.7   902.5  2756.3  3281.6    67.3   209.5   112.8   139.1
   480.9   909.7  2771.8  3278.9    62.5   229.5    94.7   108.0
   465.6   951.7  2828.1  3347.9    64.7    80.2    95.7   113.6
   460.8   927.9  2843.7  3359.6    63.4   100.4   100.0   114.1
   457.1   920.9  2862.8  3329.4    62.7    86.7    98.1    98.1
   460.2   919.9  2856.3  3294.9    63.0    78.4   112.5   102.5
   466.9   925.7  2866.6  3308.7    55.4    79.4   112.2   133.4
   445.0   932.1  2805.4  3405.5    67.5    66.6   127.6   142.8
   441.1   931.0  2822.3  3398.7    71.2    78.4    81.4   115.1
   444.9   931.5  2814.1  3399.4    69.9    74.4    69.0   119.1
   443.2   928.1  2819.8  3398.2    72.4    91.2    62.4   130.6
   444.1   927.3  2825.1  3384.9    75.2    94.5    52.1   129.7
   483.9   957.9  2749.0  3333.7    74.9    72.6    51.5    88.8
   485.7   961.3  2744.6  3328.2    69.2    71.1    43.5    94.8
   486.7   952.1  2745.5  3341.7    57.5    73.6    60.0    76.0
   488.5   943.7  2769.1  3348.8    49.6    72.8    77.1    57.5
   488.7   935.7  2776.9  3333.8    54.1    80.9    78.6    93.1
   424.5   894.4  2749.1  3375.4    69.2    76.6    98.5    98.2
   424.6   893.2  2775.0  3364.5    71.6    88.6   103.1    95.4
   426.4   893.0  2770.9  3363.1    74.8    90.6   116.1    78.5
   427.8   885.8  2763.8  3364.3    77.1    88.2    80.9    90.9
   430.3   880.6  2764.3  3386.1    81.2    98.2    63.9   133.5
   429.8   928.6  2823.7  3295.2    67.4    74.7    89.8    95.7
   429.6   917.2  2816.5  3292.0    66.3    72.4    72.1    86.0
   429.4   913.6  2823.4  3288.5    68.0    69.9    67.0    78.2
   430.4   908.6  2829.6  3289.8    68.9    65.4    86.4   101.6
   431.1   904.2  2821.1  3268.2    68.0    61.2    74.9   105.1
   342.4  1563.5  2668.1  3520.5    56.4   111.2   103.9   150.8
   346.5  1562.7  2656.4  3519.8    50.0   115.7    90.5   153.9
   347.8  1530.9  2656.3  3511.4    48.5   116.7    88.5   193.0
   345.8  1528.6  2667.4  3506.5    51.7   139.4    67.8   182.4
   342.3  1537.1  2655.3  3525.7    56.4   145.6    68.9   166.6
   323.8  1519.0  2354.7  3417.5    82.8   107.4   104.5   120.0
   322.9  1515.6  2363.8  3416.4    85.2   118.6   106.5   110.7
   319.7  1506.1  2374.1  3403.6    87.0   117.7   136.2   105.9
   319.0  1499.8  2375.6  3394.6    88.3   129.4   142.8   119.7
   324.3  1483.6  2394.3  3392.3    90.0   139.5   125.7   152.1
   328.6  1368.2  2499.6  3701.2    77.4   250.4    33.3   118.0
   334.0  1352.4  2499.7  3727.3    77.8   212.6    36.3   115.5
   334.9  1346.2  2490.0  3729.9    80.4   225.9    38.4   113.4
   338.7  1374.1  2492.7  3727.2    80.4   247.8    50.0   115.1
   342.8  1389.3  2498.3  3711.8    79.8   318.8    79.3    76.8
   289.1  1306.5  2459.1  3381.0    62.7    97.8   176.9   147.4
   281.0  1310.3  2458.6  3373.7    63.9    78.6    97.9   187.1
   280.0  1307.0  2470.8  3356.8    63.3    70.4    87.8   242.3
   285.4  1301.5  2450.6  3357.3    55.7    83.3   163.8   354.0
   286.3  1292.1  2433.6  3402.0    44.6   160.9   149.0   186.8
   312.2  1336.0  2592.4  3646.5    47.8   109.2   123.5    49.1
   309.6  1297.2  2563.1  3650.4    50.0   131.0   152.4    48.2
   306.6  1312.4  2546.7  3654.3    56.5   147.9   229.0    95.9
   307.2  1292.8  2593.4  3641.5    56.6   118.9   223.5    81.3
   304.4  1297.9  2623.1  3662.2    56.6   146.0   242.0    63.1
   316.1  1513.9  2729.9  3435.6    54.9   109.0    97.5   125.0
   319.2  1520.0  2738.7  3407.6    63.5    81.8    71.9   155.7
   326.2  1488.3  2726.8  3386.8    69.0    48.7    56.4   114.5
   326.3  1482.8  2727.0  3390.9    78.7    58.1    64.8    86.7
   340.0  1507.2  2726.1  3413.4    79.3    84.7    88.4    86.1
   298.2  1273.0  2341.9  3399.2    77.6   322.3   118.1   148.6
   301.2  1259.5  2355.7  3382.7    78.9   217.6    83.0   151.8
   300.3  1235.7  2347.3  3349.3    77.1   215.3    95.9   228.3
   301.5  1217.7  2343.3  3349.9    72.5   229.6   119.3   218.2
   299.4  1222.2  2358.1  3361.7    71.2   183.8   178.2   167.1
   338.8  1277.5  2329.5  3512.2    60.1   182.2    99.4   148.8
   342.5  1243.2  2309.4  3502.0    49.8   136.1   180.8   228.3
   344.5  1232.5  2350.7  3528.5    47.1   107.2   239.8   250.3
   343.4  1232.3  2389.4  3518.4    52.3    87.0   145.2   193.2
   340.2  1236.6  2384.7  3470.1    64.1   100.3    84.4   140.3
   359.9  1060.3  2632.1  3439.8    79.7    35.2   102.7    80.2
   363.4  1049.0  2653.3  3443.9    70.4    28.0    86.5    96.6
   369.5  1049.3  2674.8  3446.8    62.1    24.7    71.8   103.9
   372.1  1054.1  2663.2  3403.7    49.2    31.3    49.7   133.4
   371.9  1061.8  2643.3  3413.1    37.5    36.3    60.1   162.4
   331.9  1028.6  2526.6  3401.9    37.2    48.9    82.4   344.5
   331.0  1024.4  2518.2  3401.6    35.8    56.9    75.1   363.6
   329.3  1022.8  2508.0  3425.8    35.7    69.2    85.1   337.8
   329.4  1021.5  2504.6  3395.6    35.1    80.9    78.3   375.8
   326.9  1038.2  2499.6  3322.5    37.9   128.5    89.6   440.4
   314.2  1285.5  2450.7  3574.9    58.3   169.7   130.4    44.5
   314.2  1277.0  2444.5  3561.5    57.6   128.4   175.5    45.2
   317.0  1271.3  2441.9  3544.9    59.3    89.7   239.7    57.6
   317.3  1275.8  2470.6  3548.0    64.6    91.2   138.0    50.5
   318.3  1251.4  2480.4  3562.9    61.5   125.7   184.5    49.3
   339.1  1147.8  2450.6  3465.2    51.1   101.9    57.0   114.1
   334.6  1138.4  2463.5  3475.2    51.9   103.1    46.3   107.5
   333.3  1160.3  2475.1  3480.8    47.9    97.9    61.9    90.9
   331.5  1166.7  2475.1  3478.3    49.3   103.8    53.4    48.9
   327.9  1154.2  2481.2  3462.3    46.3    99.5    74.0    69.2
   313.7  1315.9  2389.8  3448.2    48.6   245.0   158.2    49.2
   314.4  1286.8  2425.7  3446.2    45.2   211.0   182.6    28.1
   312.9  1286.3  2416.5  3447.1    46.4   189.1    94.1    28.0
   313.7  1294.2  2415.3  3453.7    45.2   134.2   121.0    41.0
   312.7  1299.1  2423.0  3449.0    48.0   101.9   132.6    65.2
   347.4  1502.6  2710.0  3536.3    73.1   104.5    72.4    95.1
   362.7  1502.5  2730.7  3517.6    64.3    47.0    82.0   142.4
   373.6  1488.2  2704.3  3516.7    47.8    43.5    75.1   117.0
   371.1  1483.1  2705.3  3523.6    35.7    67.9    48.7    83.1
   367.0  1487.9  2725.8  3524.0    24.1    59.5    47.3    81.2
   322.0  1274.9  2413.5  3432.9    71.5   104.6   172.0   120.5
   323.2  1252.2  2429.2  3413.0    69.9    78.5   105.0   197.5
   323.5  1232.8  2397.5  3436.4    57.1    80.6   126.2   120.2
   318.9  1219.9  2409.5  3428.1    58.9   104.9   201.1    54.0
   309.7  1208.6  2405.5  3414.4    62.8   125.0   110.2    57.9
   298.0  1132.5  2469.3  3379.3    62.7   193.5   213.5   100.0
   297.5  1130.8  2444.4  3376.2    62.1   219.1   235.9    90.8
   299.7  1134.1  2402.1  3373.9    61.9   186.6   293.0    74.6
   303.9  1113.2  2437.5  3359.4    60.7   151.0   298.3    75.9
   303.7  1112.7  2437.0  3352.7    62.6   154.6   187.3    96.0
   300.2  1487.4  2326.5  3320.0    51.8   183.3    73.2    52.7
   301.2  1473.5  2333.7  3321.1    54.6   209.6    80.4    48.1
   299.2  1452.1  2331.7  3321.7    55.2   178.1    85.6    41.9
   303.5  1441.6  2323.6  3316.3    57.8   130.3    87.3    51.6
   311.0  1439.9  2326.2  3307.6    59.2   161.6    87.0    69.0
   296.0  1070.3  2504.1  3635.9    60.3   253.3   108.7   160.3
   297.2  1070.2  2508.6  3619.4    56.3   209.8    85.5   205.4
   297.6  1083.2  2503.4  3641.3    53.3   175.6    81.4   201.9
   300.1  1066.8  2496.6  3614.8    49.5   158.5    86.0   240.6
   303.2  1082.3  2494.6  3584.7    44.6   133.1    85.0   222.5
   316.0  1176.5  2513.8  3692.0    42.4   104.9    70.7    74.8
   312.0  1188.7  2510.0  3687.9    45.2   104.4    70.8    83.3
   308.0  1198.3  2513.7  3687.1    47.4    87.6    69.3   119.3
   309.2  1200.3  2520.6  3678.8    48.6   103.0    64.5   111.2
   311.4  1185.1  2511.1  3686.4    49.0   140.2    75.5    94.4
   371.2  1491.8  2731.9  3636.1    60.0    76.2    66.6    94.9
   371.8  1494.6  2735.4  3627.5    57.6    57.5   104.8    96.2
   373.3  1496.8  2734.7  3628.6    54.6    57.2   149.2    95.0
   375.0  1495.8  2727.9  3638.9    48.4    70.2   102.6   114.1
   375.4  1498.0  2738.7  3626.9    46.1    74.7    76.7    97.1
   341.0  1251.7  2353.5  3439.2    60.8   188.5   106.4   205.3
   336.1  1260.7  2380.9  3447.1    59.9   182.4    98.3   109.6
   335.6  1255.9  2384.0  3448.6    58.8   176.4    91.1   131.3
   338.7  1255.3  2354.1  3434.0    60.6   184.5    94.7   187.1
   344.1  1225.7  2371.7  3411.3    58.5   162.4   131.3   168.7
   343.9  1352.5  2309.4  3566.8    44.3   135.7   212.4   261.9
   344.4  1350.4  2279.0  3571.7    42.7   110.7   215.5   226.1
   342.9  1333.9  2313.5  3620.7    42.5   123.3   178.7   291.4
   341.7  1321.0  2353.7  3587.6    42.2   143.1   174.6   279.3
   343.5  1298.9  2317.4  3514.4    39.3   147.1   255.4   300.1
   274.9  2019.3  3031.6  3465.6    74.0   143.0    90.2   188.4
   273.9  2023.7  3025.7  3458.5    70.0   151.5    84.8   171.3
   275.4  2028.3  3016.4  3436.1    68.6   170.5    80.3   169.2
   277.5  2017.9  3013.4  3432.4    72.6   142.8    92.7   206.2
   276.7  2025.6  3008.4  3446.0    57.7   130.0    77.2   186.8
   261.8  2129.4  2965.7  3349.3    69.0    44.8   282.0   128.4
   260.2  2114.5  2953.1  3335.9    66.1    45.1   260.0   129.4
   260.5  2107.8  2953.6  3332.7    64.1    45.6   253.5   126.5
   262.9  2108.4  2991.8  3349.8    72.7    52.4   217.1   107.0
   265.5  2104.8  2989.7  3364.8    67.9    56.1   277.2   141.3
   307.1  2102.4  2892.3  3174.8    31.6    30.9    81.6    57.7
   302.6  2096.8  2902.0  3177.4    35.4    27.1    85.2    59.4
   302.4  2097.3  2905.1  3173.5    35.1    34.4    82.9    62.0
   302.6  2102.4  2902.7  3157.9    39.0    53.9    77.1    54.8
   306.2  2082.9  2898.6  3151.2    51.6    42.7    80.8    61.9
   309.4  2100.9  2912.7  3214.6    14.0   112.6   168.6   186.9
   311.3  2100.7  2917.5  3223.4    13.3    91.7   148.0   183.1
   312.6  2101.4  2918.7  3230.8    13.3    82.4   138.0   172.8
   312.6  2102.1  2910.9  3230.9    13.1    90.1   151.2   165.2
   311.9  2102.1  2892.3  3235.4    13.1    90.0   158.2   158.2
   312.2  2055.5  2820.9  3360.0    19.0    85.7   153.1   208.1
   302.8  2068.6  2813.0  3368.6    17.0    70.3   201.4   321.5
   295.3  2069.4  2800.5  3369.8    21.2    58.5   142.5   384.0
   294.9  2084.0  2811.2  3369.4    38.0    55.7   109.7   266.7
   302.7  2073.2  2815.3  3359.5    62.5    56.8   124.8   289.3
   269.8  2102.4  3085.9  3360.2    77.1   124.9   125.4   277.4
   268.9  2106.5  3080.8  3373.4    80.5   126.7   112.8   258.2
   268.8  2116.3  3074.1  3347.1    81.5   136.9   123.4   261.8
   264.1  2115.5  3069.0  3325.9    79.8   127.4   141.3   277.3
   256.1  2114.8  3076.4  3346.4    75.3   111.1   139.8   337.9
   276.9  2062.8  3051.2  3356.5    40.3    75.6    97.7   236.4
   278.7  2060.6  3049.7  3350.8    41.3    87.1   101.0   201.4
   280.5  2067.3  3046.1  3350.5    45.0    94.1   100.6   190.9
   283.1  2072.7  3039.1  3336.8    49.4    88.5   105.1   213.5
   284.9  2073.6  3033.0  3340.4    48.2    77.5   106.6   210.6
   304.8  2006.2  2771.1  3089.9    35.1    52.1    93.5   194.9
   309.3  1994.1  2765.2  3098.8    44.8    46.2   110.3   280.2
   318.9  1991.0  2771.0  3108.7    59.3    32.6    96.4   227.2
   328.5  1990.5  2770.9  3077.9    66.4    23.2    79.2   157.2
   332.1  2001.6  2775.1  3080.3    55.0    20.2    80.0   169.5
   329.5  2079.4  2930.0  3239.6    56.3    49.2    88.3    95.5
   338.2  2084.1  2926.7  3236.5    64.2    39.6    78.8    92.2
   334.2  2090.0  2914.2  3243.0    60.0    42.0    78.2   109.0
   325.8  2069.6  2915.3  3239.8    53.9    49.0    91.6   124.9
   324.0  2061.2  2912.3  3219.2    45.6    34.8   111.8   117.3
   328.4  2031.6  2762.9  3119.4    35.1    22.2    53.1   208.8
   317.4  2028.0  2768.6  3138.1    27.0    24.9    48.0   232.1
   306.8  2015.8  2758.0  3114.0    23.2    33.8    50.3   227.3
   302.5  2016.8  2761.0  3113.3    25.5    48.2    48.3   217.3
   301.7  2011.9  2774.5  3104.9    37.3    42.8    64.7   345.8
   314.6  2125.8  2903.0  3158.3    33.7    36.0   144.8   199.3
   307.4  2131.3  2949.5  3192.7    34.1    30.0   117.8   282.3
   298.8  2130.2  2940.6  3217.1    33.8    39.3   114.1   262.3
   290.2  2120.2  2922.7  3197.6    34.2    38.5   106.0   173.2
   288.3  2114.6  2909.4  3184.3    39.3    34.9   113.9   141.7
   310.1  2075.2  2820.8  3030.0    57.7    37.3   101.3   253.4
   309.4  2071.1  2831.4  3034.6    59.2    47.3   101.0   331.0
   308.8  2070.9  2835.0  3011.8    58.7    47.9   105.3   313.7
   310.6  2070.1  2827.4  3008.4    59.4    40.2   102.5   280.9
   310.6  2084.3  2836.0  3041.2    57.8    34.2    87.1   351.6
   300.0  2039.8  2876.5  3158.4    37.3    38.2    95.6    73.4
   304.4  2045.6  2871.4  3151.1    50.4    27.4    85.6    69.4
   313.9  2044.7  2871.4  3141.8    62.5    26.1    83.2    74.0
   316.4  2032.5  2862.2  3138.0    61.9    26.0    95.5    98.4
   315.1  2024.3  2849.7  3117.0    60.4    27.0    89.2   105.9
   323.2  2098.9  2922.0  3185.2    66.1    22.4   164.5   187.3
   321.9  2108.5  2905.8  3170.3    66.8    22.2   167.3   158.6
   320.7  2128.3  2920.6  3187.9    65.0    20.6   144.3   160.9
   318.8  2128.2  2937.0  3207.2    61.9    19.4   140.2   168.1
   315.8  2117.3  2951.1  3186.7    58.5    18.1   175.3   200.7
   343.0  2140.7  3029.1  3256.4    25.5   164.6   139.1   177.2
   343.1  2137.4  3024.4  3245.2    24.9   161.6   143.7   197.7
   343.7  2141.7  3009.9  3237.1    24.3   160.1   149.7   169.3
   343.3  2156.2  3017.2  3245.0    23.8   176.3   146.1   157.7
   341.3  2168.9  3044.3  3259.8    23.7   139.0   142.7   200.0
   317.2  2114.4  2965.6  3296.1    40.0    44.0   160.6   165.8
   308.9  2118.1  2952.0  3290.0    31.0    31.6   124.4   146.6
   307.1  2107.5  2939.5  3261.7    36.3    26.4   115.1   101.8
   309.8  2108.5  2933.5  3256.5    49.1    28.9   113.7    96.2
   319.4  2112.9  2937.4  3252.4    62.1    36.0   113.3   100.5
   285.2  2087.6  2920.6  3151.1    46.1    86.5    84.9    99.9
   290.3  2095.4  2934.2  3161.2    66.0    87.8    84.7    98.6
   300.2  2106.0  2938.1  3157.1    79.0    80.0    83.6    96.4
   309.8  2108.4  2927.3  3145.3    74.1    77.1    83.1    89.0
   306.5  2109.7  2922.2  3121.1    59.2    73.2    88.7    96.5
   296.9  1998.6  2900.9  3152.2    33.5    51.9   101.8    80.2
   289.8  1999.4  2894.8  3157.4    45.8    35.8   122.7   120.6
   293.0  1996.0  2900.3  3138.4    51.3    39.0   102.3   100.2
   296.7  1988.3  2898.8  3130.0    49.9    35.5    92.1    96.1
   304.5  1974.5  2894.9  3129.7    45.8    47.4    84.2   119.0
   291.6  2129.0  2897.4  3248.9    43.1    58.8    60.6    83.5
   293.6  2134.6  2903.3  3242.5    48.7    57.1    66.8    80.5
   295.4  2135.9  2902.8  3241.3    51.5    36.9    67.9    93.7
   295.5  2140.5  2916.4  3243.7    53.4    34.3    75.9   101.4
   288.8  2136.9  2924.6  3253.5    52.7    37.7    73.9    97.0
   302.1  2052.3  2807.2  3203.6    56.1    39.9    67.6   254.7
   309.4  2058.6  2807.9  3198.2    66.1    38.6    59.5   171.3
   310.3  2054.0  2805.9  3185.6    65.8    38.0    62.1   186.0
   309.8  2049.1  2804.5  3157.7    61.5    30.9    64.5   260.9
   316.7  2041.3  2796.1  3149.2    49.1    30.8    60.3   241.0
   348.6  1933.6  2800.5  3057.1    50.9    27.3    88.9   141.9
   346.2  1933.2  2793.3  3052.3    46.1    35.9    75.5   110.8
   340.2  1935.3  2788.9  3055.1    45.2    34.3    70.3   107.2
   332.0  1951.2  2792.6  3057.9    43.2    29.9    84.0   119.2
   327.7  1952.6  2805.7  3075.9    38.3    37.0   117.6   210.8
   328.1  2030.3  2842.0  3197.7    51.2    39.1   117.1    71.5
   318.3  2045.4  2848.1  3201.2    46.1    30.5   100.4    87.2
   312.8  2029.5  2867.4  3189.9    36.1    41.5   104.9    85.8
   308.5  2031.6  2885.0  3186.0    29.9    25.3   124.8    89.1
   305.6  2016.8  2893.1  3183.5    26.0    34.0   144.6    97.0
   536.1  1887.2  2280.7  3201.2    33.3    52.7   114.6   177.5
   534.8  1891.5  2270.6  3189.9    31.6    58.7   132.8   170.1
   533.4  1896.0  2268.7  3194.8    31.2    62.7   153.8   138.7
   531.9  1891.1  2267.5  3199.9    33.0    63.1   149.2   131.4
   530.7  1895.1  2268.9  3199.5    34.6    60.4   137.8   167.4
   512.1  1898.4  2356.8  3074.6    23.0    85.1   151.3   106.9
   511.5  1899.6  2345.8  3073.5    23.4    70.2   142.8   130.1
   511.3  1902.0  2337.4  3086.7    23.7    64.7   151.8   126.2
   511.5  1901.0  2344.2  3085.7    23.1    61.2   155.4   114.8
   509.7  1898.1  2342.4  3071.5    23.3    43.1   159.0   123.3
   492.5  1904.8  2275.0  3083.3    37.7    31.0   220.6   176.3
   490.3  1902.7  2265.0  3096.9    38.2    32.3   179.4   165.5
   487.2  1904.9  2271.1  3100.7    39.0    34.9   186.6   163.3
   484.7  1908.4  2274.3  3113.5    38.9    36.1   217.2   161.3
   482.4  1912.5  2276.9  3094.7    37.4    38.4   269.7   163.4
   518.7  1855.1  2244.3  2981.7    55.2    79.2   177.2   166.4
   517.0  1863.5  2250.3  2980.3    55.8    66.5   179.7   167.1
   515.8  1865.7  2246.1  2984.1    55.2    62.1   180.2   165.5
   516.6  1870.6  2247.8  2980.9    53.5    62.6   187.2   153.9
   515.7  1873.7  2254.2  2972.9    54.9    57.3   184.4   153.5
   494.2  1877.2  2295.1  3205.7    37.8    50.9    92.1   133.3
   489.8  1874.0  2298.5  3217.7    41.9    44.5    88.3   145.6
   485.6  1875.6  2299.4  3215.3    45.2    43.1    93.7   186.8
   484.7  1876.8  2298.8  3198.7    45.9    41.1    97.6   198.8
   484.6  1875.1  2300.3  3201.6    44.3    39.3    98.0   170.8
   498.7  1861.8  2293.8  3196.7    48.6    22.8    87.2   179.3
   500.7  1862.3  2298.7  3169.6    46.0    25.9    95.6   194.6
   499.8  1863.2  2305.7  3148.8    41.1    31.0   103.4   172.2
   496.9  1865.0  2308.9  3151.5    40.0    32.9   100.5   182.8
   494.9  1861.2  2286.7  3157.2    41.8    34.9    93.5   202.2
   515.8  1897.8  2287.7  3138.9    29.6    63.7   201.8   124.5
   511.2  1904.7  2286.2  3116.5    27.4    67.8   217.7   117.6
   509.3  1904.5  2300.8  3107.5    26.3    68.3   232.1   131.9
   508.3  1900.8  2301.5  3121.3    27.3    66.7   223.1   125.4
   507.6  1896.2  2293.2  3126.9    26.9    62.8   236.3   125.6
   473.8  1926.6  2297.4  2968.9    53.3    67.4   418.6   109.0
   480.7  1916.0  2297.3  2975.7    46.9    51.5   411.5   106.1
   486.0  1902.4  2344.2  2962.4    39.8    48.7   409.1   110.8
   489.4  1902.9  2312.1  2965.3    33.8    58.5   377.9   121.3
   490.7  1918.2  2260.0  2982.0    30.9    74.9   420.9   147.5
   510.8  1882.5  2261.3  2999.1    47.8    76.9   256.8   171.6
   514.2  1884.8  2268.3  3007.3    47.1    70.1   260.7   152.9
   516.8  1886.1  2281.2  3018.7    46.8    60.5   249.7   136.8
   517.9  1888.2  2282.8  3024.6    46.2    62.9   265.3   133.5
   518.8  1891.1  2283.3  3027.6    46.3    65.6   265.8   139.6
   520.1  1875.1  2240.6  3063.9    37.2    55.2   103.9   149.6
   520.6  1878.3  2238.3  3039.8    37.2    59.7   103.6   149.7
   521.4  1880.9  2240.6  3030.2    36.5    65.3   108.3   150.9
   520.7  1879.0  2246.2  3040.2    36.8    59.7   109.4   145.0
   518.2  1876.4  2250.3  3042.4    39.1    51.3   110.7   149.0
   530.4  1899.2  2507.3  3053.2    22.8    36.1   340.3   177.7
   530.0  1899.7  2521.7  3065.2    22.8    35.9   374.2   169.0
   529.5  1898.2  2524.1  3065.6    23.2    33.8   328.2   181.4
   528.7  1899.7  2525.8  3072.9    23.3    35.6   329.0   195.0
   527.1  1900.4  2494.8  3111.9    21.7    44.1   455.7   172.7
   489.4  1925.6  2283.4  3190.5    46.2    52.5   145.1   137.7
   493.3  1932.7  2270.1  3169.5    48.5    47.6   135.7   158.3
   496.0  1936.3  2258.2  3148.6    47.6    44.4   149.0   177.8
   496.6  1934.8  2247.6  3138.0    44.9    49.0   194.8   151.8
   495.7  1936.2  2276.7  3144.6    43.8    40.2   250.5   161.0
   517.6  1913.1  2374.1  3101.5    33.9    44.8    96.8   166.0
   516.9  1909.8  2376.8  3101.5    34.5    46.8   116.5   143.3
   516.1  1910.2  2379.5  3102.3    36.4    51.7   146.0   149.1
   517.4  1908.4  2392.0  3101.9    35.6    43.7   141.6   148.5
   517.4  1906.2  2404.7  3101.6    36.6    36.9   119.4   145.7
   506.5  1939.2  2337.4  2922.7    40.6    51.0   309.0   184.4
   504.8  1944.1  2334.8  2940.9    41.1    55.8   321.0   187.6
   503.3  1937.9  2318.9  2936.1    41.5    53.4   324.2   191.3
   501.3  1935.6  2317.4  2944.8    43.8    56.8   314.5   172.7
   502.6  1930.4  2328.0  2935.0    41.9    49.4   328.3   177.9
   509.0  1915.0  2274.1  2999.4    44.1    72.0   269.9   209.2
   511.3  1931.5  2297.0  3005.7    44.5    73.8   343.2   227.8
   513.0  1938.7  2304.7  3025.6    41.5    74.4   379.7   208.0
   511.4  1928.5  2281.1  3032.5    42.1    78.1   329.6   183.3
   510.8  1920.8  2264.0  3028.8    42.0    77.4   358.4   178.9
   522.1  1851.6  2309.2  3064.2    29.2    87.6    84.9   110.4
   525.5  1852.8  2312.4  3055.2    30.2    85.1    97.8   103.3
   526.0  1853.8  2318.5  3050.8    32.7    78.5   103.9    97.8
   526.3  1856.2  2324.5  3056.7    36.8    61.1    97.1    82.7
   526.0  1859.2  2325.1  3062.9    39.1    52.6    88.1    81.6
   502.3  1832.1  2290.3  2993.0    21.5    73.7    84.1   145.8
   500.9  1844.4  2295.2  2983.1    22.0    67.9    77.5   151.7
   499.8  1858.8  2305.3  2997.9    21.0    64.7    79.8   161.1
   498.3  1860.5  2308.1  3023.0    19.6    75.6    75.5   138.2
   495.5  1852.5  2292.2  3029.1    18.5    57.9    81.2   113.4
   507.8  1866.5  2334.8  3068.2    37.7    63.5   201.9   152.7
   505.4  1884.8  2353.9  3072.7    38.9    61.3   181.0   145.8
   502.5  1895.5  2367.1  3069.3    40.9    47.3   165.8   137.5
   501.0  1899.0  2363.8  3053.2    42.1    36.1   147.4   136.2
   500.5  1896.3  2352.7  3051.9    40.3    31.0   139.3   122.3
   522.0  1894.1  2357.6  3124.5    24.6    65.1    67.7   215.0
   521.6  1895.0  2352.9  3122.6    24.7    60.7    72.0   211.2
   522.3  1895.5  2349.5  3122.5    24.5    54.8    68.4   240.7
   523.4  1898.5  2352.7  3110.7    25.1    53.4    68.1   267.9
   522.3  1897.6  2348.2  3099.0    24.8    53.4    66.7   240.2
   483.4  1881.5  2323.2  3007.2    55.5    31.8   355.5   331.7
   488.1  1880.0  2299.8  2998.5    54.8    37.7   304.1   224.2
   495.6  1878.9  2283.9  2999.2    53.3    53.8   265.6   168.2
   501.5  1881.8  2290.0  2992.1    49.5    61.9   307.3   156.2
   506.3  1894.3  2298.4  2957.6    45.2    70.4   414.2   197.0
   520.7  1892.6  2417.2  2934.2   104.6    47.4   198.9   159.1
   518.0  1897.1  2406.1  2915.0   108.4    46.4   198.2   154.3
   519.8  1898.6  2406.6  2908.7   108.3    46.2   202.4   166.8
   528.7  1897.2  2425.1  2921.7   101.8    46.4   218.0   196.7
   535.7  1897.1  2438.8  2936.8    99.2    49.0   232.2   226.1
   509.6  1861.9  2314.2  3120.0    27.0    46.5   171.5   121.6
   511.2  1870.3  2341.7  3121.9    30.9    47.0   203.0   105.0
   512.2  1878.5  2356.3  3129.6    33.0    50.2   201.8   102.9
   512.6  1875.0  2358.0  3126.0    32.7    55.3   179.0    99.3
   511.3  1869.7  2354.5  3110.7    34.2    55.6   146.2   112.7
   707.2  1216.8  2254.7  3077.5   159.1   128.8    82.2   173.8
   695.3  1231.3  2273.4  3091.2   132.1   178.0    77.0   173.2
   693.5  1234.5  2279.7  3062.1   118.4   188.9    77.4   199.9
   692.8  1226.9  2271.3  3038.0   114.4   183.3    81.4   210.8
   680.3  1219.2  2251.8  3026.6   117.9   183.2    87.7   300.5
   749.2  1181.9  2231.1  3079.1    89.4   101.5   116.1   101.9
   763.5  1188.9  2226.4  3068.1    86.7   107.9    97.0    91.1
   768.2  1193.4  2226.0  3056.8   107.8   126.4    75.6    96.1
   771.1  1194.4  2229.8  3049.9   119.2   144.0    71.1    90.8
   780.9  1206.9  2234.9  3046.4   127.6   167.3    64.4   100.5
   660.7  1143.8  2173.8  3067.3   179.4    82.1   703.2   197.8
   663.7  1139.0  2193.6  3067.0   179.0    81.1   579.6   198.5
   665.8  1133.5  2193.2  3065.0   173.8    85.4   431.7   183.3
   665.9  1125.2  2187.9  3050.4   161.6    91.6   288.9   156.6
   666.3  1114.4  2182.7  3019.7   150.4    97.0   188.1   125.1
   637.2  1235.9  2299.7  3276.8   139.7   103.4    76.3   137.3
   638.0  1236.6  2296.1  3286.8   143.9   112.1    73.3   168.2
   635.9  1236.0  2301.9  3281.2   138.0   106.3    79.7   160.9
   637.4  1241.4  2306.2  3271.4   142.6   111.3    87.2   153.5
   642.5  1246.9  2308.5  3261.3   151.9   112.6    89.7   167.4
   737.2  1205.4  2173.9  2886.2    89.2   128.7   104.4   126.3
   730.8  1201.2  2172.7  2878.0    96.9   105.2    97.0   127.0
   721.3  1195.9  2172.2  2871.2   134.4   101.5    87.7   173.4
   731.4  1179.8  2176.6  2865.6   163.5   148.9    93.5   162.5
   737.8  1179.7  2187.9  2869.5   122.5   131.4    81.4   119.0
   626.1  1101.5  2192.7  2913.0   170.9   123.8   381.2   102.8
   647.6  1105.5  2191.9  2918.5   197.9   148.1   351.6    98.6
   645.5  1096.2  2222.9  2934.2   205.2   172.0   597.5    68.0
   659.2  1107.4  2216.2  2928.9   211.9   175.2   438.7    77.7
   654.9  1107.5  2191.2  2913.6   202.1   213.5   388.9    86.6
   728.5  1234.9  2166.7  2889.1   247.5    74.3   167.1   132.4
   762.2  1228.8  2176.6  2880.1   254.2    83.1   137.0   124.0
   779.5  1228.9  2173.8  2871.8   226.8    76.8   128.6   126.8
   785.6  1229.7  2175.7  2883.2   232.5    87.2   149.7   145.0
   780.0  1225.2  2176.5  2900.4   232.1    90.5   150.2   157.2
   773.3  1207.0  2207.7  2967.2   134.2    72.8   170.9   135.6
   775.3  1204.7  2179.7  2941.5   180.5    74.5   102.9   124.0
   782.5  1197.2  2173.5  2923.6   232.1    89.9    79.9   162.2
   793.4  1201.2  2181.8  2921.7   240.0    94.8    63.1   177.6
   777.3  1210.5  2187.3  2933.7   168.9    76.5    74.6   181.7
   650.9  1237.5  2293.0  3343.0   103.9   124.5   116.8    97.1
   650.1  1240.9  2296.5  3333.8   108.5   117.0   107.9   107.1
   646.1  1243.5  2304.0  3326.4   112.7   111.6   103.9   111.1
   642.1  1244.9  2310.1  3328.6   115.0    95.7   103.6   113.9
   639.3  1248.5  2316.1  3332.0   117.0    97.4   114.5   121.6
   657.0  1166.3  2058.3  2955.7   216.3    78.0    70.8    92.2
   672.3  1168.6  2064.1  2948.8   184.0    71.2    70.2   125.4
   679.4  1158.3  2057.0  2974.3   151.2    76.3    57.5   181.7
   682.4  1163.7  2061.7  2888.1   235.0    73.0    51.5   153.1
   677.1  1165.5  2068.0  2907.0   244.8    80.2    83.1   129.9
   643.6  1225.7  2251.6  3335.7    93.6    92.8   210.8    75.4
   649.0  1225.2  2244.9  3342.0    88.1    83.1   207.3    76.8
   655.1  1220.3  2246.4  3342.9    83.7    71.6   211.4    72.6
   656.4  1217.1  2249.7  3340.3    83.7    71.6   211.3    81.6
   657.5  1213.7  2249.9  3335.6    82.6    72.5   217.9    84.9
   737.3  1066.4  2282.9  2977.6   237.1   290.4   222.4    91.9
   730.9  1066.3  2275.1  2967.3   235.0   174.9   204.9   109.4
   733.3  1067.2  2253.1  2955.5   247.9   187.5   183.8   119.4
   724.5  1085.1  2244.6  2933.4   217.9   202.1   167.3   118.7
   716.5  1101.0  2247.3  2919.4   181.2   184.8   170.9   132.0
   636.3  1208.6  2149.7  3006.4   107.5    90.5   103.0   218.3
   646.1  1214.1  2154.7  2986.3   104.9    91.0   106.2   196.7
   644.5  1228.0  2156.7  2961.5   113.0    90.1   102.2   178.8
   649.0  1236.2  2162.5  2985.5   117.7    90.6   109.1   144.6
   657.6  1229.2  2165.9  3015.3   126.2    90.6   133.8   131.4
   665.0  1149.0  2173.1  3055.6   277.8   103.0    53.3   223.9
   671.5  1147.3  2171.8  3052.0   273.8    93.9    62.0   193.5
   675.9  1138.7  2179.6  3036.7   292.0   102.2    58.6   194.1
   672.7  1127.7  2189.0  3011.7   313.2   115.7    52.2   235.0
   691.1  1127.6  2186.6  3004.4   288.0   125.8    49.0   203.5
   669.6  1184.4  2119.8  3079.7    78.3    79.1   130.1    69.4
   670.2  1184.3  2120.8  3075.1    77.8    78.3   140.5    68.9
   669.4  1188.9  2128.8  3066.4    76.1    72.6   132.8    71.3
   667.1  1190.9  2133.8  3061.6    72.9    70.0   127.5    70.9
   661.6  1191.6  2138.2  3057.8    73.2    79.4   126.7    74.8
   640.2  1197.9  2231.4  3328.7   168.1    96.8    56.9   117.0
   655.3  1194.5  2241.1  3333.9   179.5   108.8    54.8   119.0
   658.1  1192.8  2229.5  3360.0   154.2   122.6    57.1   127.4
   658.6  1202.6  2221.9  3354.9   117.0   115.0    51.9   129.7
   649.0  1210.0  2221.6  3353.9   115.7    92.8    53.9   127.0
   778.7  1172.0  2315.9  3072.0   179.5   110.1   104.6   237.2
   766.1  1162.1  2312.1  3078.5   181.8   100.6   128.7   228.9
   750.6  1158.6  2288.7  3083.2   188.0    90.1   137.4   264.8
   741.1  1155.4  2264.4  3094.4   197.9    85.2   121.6   292.0
   736.4  1150.2  2258.5  3092.5   197.9    80.1   113.8   290.9
   668.0  1117.2  2135.3  3254.1   349.7   214.4    94.3    91.0
   711.8  1133.5  2137.3  3256.3   363.1   218.6    96.9    96.4
   722.4  1131.0  2131.0  3253.3   367.5   237.1    82.4   104.4
   738.7  1126.4  2121.3  3256.8   354.0   269.0    73.2    96.0
   746.6  1118.4  2114.3  3257.3   339.9   342.1    66.7    96.1
   651.8  1178.0  2109.5  3284.0    95.4    98.8   128.5   101.5
   644.0  1173.1  2105.6  3278.8    83.4    85.9   129.3    73.0
   632.5  1163.8  2098.3  3279.6    72.8    77.6   152.7    69.7
   631.6  1155.2  2107.4  3273.5    70.9    73.8   194.8    84.8
   640.3  1150.3  2123.8  3273.5    73.3    71.3   221.7    98.6
   650.0  1240.2  2186.9  3213.2   218.9   164.6   112.8   188.8
   646.4  1230.0  2193.7  3219.0   210.7   134.4   109.0   204.4
   642.2  1220.8  2189.2  3228.6   207.6   117.6   109.5   219.7
   625.5  1215.0  2187.2  3247.4   197.2   136.9   109.7   215.5
   622.9  1210.2  2194.3  3266.4   183.3   142.2   112.0   211.4
   630.0  1192.0  2192.6  3278.3   133.4    92.7    86.2   128.0
   652.0  1192.2  2191.6  3278.8   117.9    78.6    83.0   136.8
   656.1  1184.9  2189.5  3285.7    91.8    75.5   106.1   132.8
   656.7  1189.5  2188.7  3271.6    82.0    95.6    95.7   134.9
   654.2  1200.7  2190.4  3270.1    72.2   109.2    87.1   142.0
   630.0  1236.5  2203.2  2980.0   178.8    64.7   117.4   178.4
   656.4  1238.1  2221.5  3000.3   183.6    60.8   131.6   360.2
   626.6  1224.2  2225.9  3026.3   177.1    52.5   120.7   299.7
   618.2  1220.3  2193.7  3004.0   192.2    47.7   134.7   189.6
   611.0  1210.4  2178.0  3059.1   261.2    70.8   133.1   233.8
   439.3   765.5  2187.5  3292.7    33.5   161.7   244.8   131.7
   438.2   766.1  2199.0  3270.4    35.9   145.4   222.0   105.1
   437.5   770.6  2198.9  3264.2    35.4   135.4   236.3   134.2
   435.4   763.4  2213.7  3274.1    34.9   145.6   270.5   147.6
   433.4   754.1  2232.2  3296.7    35.7   160.6   302.7   129.6
   460.7   828.2  2300.3  3305.2    48.4    61.7   104.1    50.6
   459.1   815.9  2319.5  3307.4    52.8    87.2   102.1    58.9
   456.4   810.1  2318.9  3321.2    54.4   112.5   108.3    71.5
   452.3   808.2  2320.1  3327.1    56.9   147.9   108.5    53.7
   450.3   809.3  2313.7  3323.7    58.1   171.5   122.7    50.9
   443.9   858.8  2348.3  3263.5    25.2    39.7    66.1    66.9
   444.6   862.6  2343.3  3253.6    23.8    34.1    71.7    64.4
   445.5   864.1  2344.8  3239.9    21.4    30.5    68.4    78.6
   445.2   863.1  2349.4  3251.9    22.1    30.9    68.3    67.8
   444.8   858.7  2349.0  3279.3    23.5    30.4    67.6    48.6
   445.3   844.8  2460.5  3330.3    33.1    25.6   379.6   131.7
   445.2   847.4  2438.9  3343.6    33.9    26.1   355.1   124.3
   447.5   846.4  2429.5  3348.9    36.0    23.2   393.4   131.8
   450.2   842.0  2457.5  3346.9    38.8    22.1   377.1   100.8
   453.2   835.9  2482.6  3319.1    44.8    27.6   511.3   120.1
   453.9   835.8  2200.2  3298.8    32.7    68.7    71.7    36.1
   454.3   836.9  2206.3  3287.4    32.1    59.2    75.4    32.7
   452.6   835.7  2218.5  3282.3    31.0    59.3    77.7    35.8
   447.9   834.5  2233.6  3294.5    31.6    83.7    85.6    40.7
   444.9   831.9  2240.3  3305.9    28.5   106.1    98.3    48.0
   432.3   838.8  2536.7  3349.8    30.3    31.2    97.1    91.1
   433.8   838.5  2537.3  3353.5    32.9    26.4   114.6    80.9
   435.4   840.2  2529.9  3356.9    35.4    25.9   120.9    74.0
   436.5   841.2  2529.2  3363.8    37.6    27.7   118.3    67.4
   437.2   838.0  2536.4  3361.0    42.2    35.0   133.3    63.3
   428.4   827.7  2341.5  3328.4    25.5    96.4    86.5    37.0
   426.6   814.3  2366.7  3325.5    27.4    88.5    84.9    34.3
   425.0   806.2  2393.2  3304.7    29.9    67.5    67.3    47.8
   420.3   796.0  2394.0  3307.7    33.2    63.8    56.3    55.2
   414.0   784.5  2368.6  3313.1    32.4    70.0    63.0    42.7
   450.8   878.1  2330.4  3239.2    77.9   257.7   189.2    59.2
   459.9   891.3  2342.6  3237.6    92.5   297.9   194.3    68.6
   466.3   884.0  2362.5  3241.5   103.7   321.7   199.4    75.6
   474.5   877.4  2356.8  3241.1   108.9   338.3   205.8    62.5
   488.5   897.0  2345.3  3247.5   108.9   361.5   261.9    49.5
   456.2   857.1  2350.0  3262.3    59.3   164.0    92.2    67.2
   460.1   860.4  2357.9  3264.4    62.1   177.7    88.6    74.8
   463.4   858.9  2363.2  3264.3    62.8   174.0    94.0    76.2
   463.8   853.9  2358.8  3261.1    63.7   170.4    94.8    72.3
   461.3   842.9  2352.8  3253.2    64.9   173.4    90.6    73.8
   480.0   894.4  2294.3  3271.1    62.9   200.2    39.2    43.6
   482.2   903.4  2291.7  3264.6    58.0   157.0    43.1    41.1
   480.2   908.5  2282.6  3251.9    58.7   145.6    42.1    32.7
   479.9   910.8  2273.8  3258.9    54.3   117.0    45.6    42.3
   480.9   905.9  2276.4  3262.4    50.0    94.4    46.4    37.9
   445.4   858.2  2364.6  3304.1    28.4    64.6    74.0    71.2
   445.1   862.8  2360.1  3307.4    25.6    67.6    78.8    66.9
   444.6   863.1  2357.7  3309.0    23.7    72.5    87.1    65.6
   442.7   860.1  2351.7  3297.7    24.5    88.7    99.3    77.4
   442.8   853.5  2357.7  3293.5    25.9    84.2    93.7    73.8
   443.1   800.7  2313.7  3298.1    41.1   106.8    54.5    29.4
   444.0   798.1  2312.9  3292.3    43.1   105.7    53.0    33.2
   447.4   799.1  2310.2  3280.0    43.9    91.5    68.5    44.8
   447.1   800.2  2321.4  3281.9    43.3    87.8    67.3    49.0
   446.9   800.0  2331.9  3277.7    47.0    87.4    65.1    41.0
   454.2   879.4  2248.8  3275.9    21.3    73.7   280.8    77.4
   455.6   855.8  2273.8  3279.4    37.8    57.1   226.2    80.7
   460.6   847.6  2282.0  3270.3    47.4    52.6   225.5    87.8
   465.2   845.0  2268.6  3233.4    39.9    59.3   218.0    99.3
   468.6   869.6  2279.9  3241.7    29.0    73.6   242.1   121.4
   494.1   923.6  2313.2  3226.7    45.9    48.4    76.8    51.6
   489.6   915.4  2322.7  3226.5    43.3    42.9    67.8    50.8
   488.2   911.2  2323.3  3236.2    41.5    43.3    67.3    47.7
   489.3   910.1  2323.9  3235.5    40.8    45.4    66.8    47.4
   488.9   911.5  2323.4  3227.6    42.2    57.0    67.8    46.4
   456.9   871.5  2386.4  3261.8    22.3   115.7   223.0    75.6
   457.4   875.6  2389.7  3263.8    22.1   124.1   232.2    67.2
   458.2   885.5  2380.4  3263.3    21.9   109.8   246.0    71.9
   459.8   890.7  2371.8  3261.7    21.9   112.1   264.3    62.7
   458.6   889.6  2387.0  3259.0    23.0   110.5   269.9    65.8
   442.1   841.9  2480.1  3319.1    37.7    40.2   340.9    82.2
   441.0   850.5  2469.0  3290.7    34.6    39.3   416.7    76.3
   440.6   857.3  2489.5  3277.2    30.2    36.4   464.5    97.6
   436.3   850.4  2524.7  3294.4    31.7    37.5   374.4   116.9
   434.2   844.2  2497.5  3307.7    35.0    30.4   307.4    88.3
   457.5   840.5  2326.0  3234.2    41.7    85.7   161.4   110.6
   455.3   845.5  2354.0  3241.7    41.1    80.3   132.3    99.0
   454.3   843.0  2360.1  3241.9    40.5    82.0   107.2   102.4
   453.3   843.2  2347.0  3240.4    41.6    85.6    89.1   107.2
   452.7   846.8  2337.2  3245.7    43.1    89.5    90.0    83.9
   444.5   824.6  2531.5  3372.0    43.1    65.9   305.3   104.7
   444.2   824.2  2529.4  3381.8    42.8    62.9   308.2    86.1
   444.7   820.9  2494.3  3373.0    44.3    67.1   394.7   103.0
   444.7   818.6  2494.3  3347.5    45.9    77.0   422.2   107.9
   443.8   818.1  2515.7  3344.3    49.1    92.5   342.8    96.2
   457.4   867.6  2370.7  3296.1    48.0    69.1   387.5   140.2
   457.6   859.8  2364.5  3295.9    53.2    81.5   358.3   140.1
   460.7   852.3  2340.5  3268.9    59.8    92.6   396.8   121.7
   468.5   852.4  2340.0  3272.3    62.3    98.5   358.5   115.7
   476.4   851.0  2360.2  3276.8    69.7   133.7   266.6   113.0
   480.2   895.6  2305.4  3312.8    52.9   102.2   149.5    32.9
   479.2   895.8  2309.9  3323.4    54.5   108.9   144.1    41.8
   476.9   899.1  2317.5  3335.4    56.5   110.4   121.6    38.5
   478.6   904.9  2324.4  3328.3    52.2    96.3    96.4    33.5
   481.2   909.5  2314.9  3315.9    48.9    84.1    87.0    35.1
   433.6   773.4  2290.7  3230.8    12.3   126.5   123.3   103.2
   430.7   787.7  2275.1  3230.3    12.7   106.8   155.9   112.0
   430.1   790.1  2272.4  3224.6    13.6   105.0   151.5   105.6
   430.4   791.6  2279.8  3216.7    14.4   108.1   142.1   106.9
   430.7   785.8  2282.8  3210.4    15.6   124.4   133.0   100.7
   429.0   827.2  2299.2  3387.5    27.5   104.3   175.7    50.0
   429.5   828.8  2291.4  3383.7    30.0    93.2   195.5    51.2
   429.7   827.9  2303.0  3378.7    32.7    97.3   191.3    43.0
   430.2   824.9  2320.5  3378.2    36.2   104.3   170.0    38.6
   432.9   829.0  2329.6  3375.3    40.5   110.7   163.1    39.2
   383.3  1269.6  2285.0  3262.8    33.8   173.3   110.4    83.7
   383.3  1282.5  2282.9  3263.1    33.2   179.1   107.8    87.1
   382.4  1282.3  2281.0  3266.0    32.4   207.7   103.4    87.4
   381.9  1267.3  2276.7  3267.8    30.9   188.8    97.3    75.4
   379.6  1278.5  2286.2  3259.6    32.2   216.3   101.4   100.5
   404.8  1491.5  2229.0  3271.1    47.1   104.7    74.1   114.6
   399.1  1482.6  2226.3  3281.4    43.6   100.6    59.5   111.4
   393.9  1469.0  2224.7  3068.5    38.8    97.1    59.0   114.5
   391.3  1456.8  2242.1  3083.4    34.6    94.7    68.2   132.1
   388.4  1451.9  2254.1  3279.7    33.2    88.8    56.5   102.2
   354.8  1270.7  2270.7  3159.9    27.2    77.8   214.6   126.6
   354.6  1267.6  2253.6  3171.8    34.6    90.7   150.5   142.3
   353.5  1276.8  2256.1  3159.4    42.0   116.6   124.6   168.1
   353.4  1293.2  2252.9  3154.8    47.6    92.9   125.9   167.8
   352.3  1308.4  2230.0  3184.4    54.3    70.3   164.0   158.8
   413.8  1482.8  2251.1  3210.0    36.5    70.4    54.3   147.0
   410.8  1475.6  2263.8  3197.3    39.3    72.8    46.0   131.0
   408.4  1471.9  2272.3  3180.1    42.4    89.6    40.2   131.3
   404.7  1475.7  2272.7  3176.8    47.3   132.5    42.3   124.8
   400.7  1477.1  2270.6  3162.8    52.2   179.8    53.4   118.6
   382.4  1302.7  2463.1  3162.5    28.4    53.3   207.6   230.4
   378.1  1280.5  2417.1  3158.8    22.6    40.7   193.2   199.1
   371.0  1264.3  2406.4  3128.1    19.6    44.8   264.4   205.6
   361.6  1268.4  2390.3  3146.2    19.8    73.5   254.4   170.5
   355.5  1283.1  2342.7  3129.7    22.9    81.5   317.4   215.2
   386.3  1323.5  2297.1  3283.3    49.8   166.0   135.4   128.5
   399.0  1317.9  2294.3  3294.2    50.3   194.3   125.4   168.8
   410.0  1296.1  2302.1  3290.3    46.4   157.7   119.0   162.5
   416.4  1277.6  2298.3  3283.2    39.7   131.1   112.6   217.0
   415.7  1266.7  2301.5  3257.4    29.9   112.6   136.7   202.8
   400.5  1386.6  2323.4  3146.7    38.0    52.5   125.8   148.3
   396.7  1371.4  2340.6  3172.2    43.1    49.4   137.6   155.5
   393.3  1359.4  2356.5  3173.7    45.1    44.2   192.6   162.9
   390.6  1358.1  2342.8  3156.9    43.8    50.4   216.2   157.9
   391.6  1366.5  2339.3  3150.2    39.6    54.8   210.8   174.7
   416.4  1605.0  2238.4  3116.9    20.7   219.0    73.4   200.5
   414.5  1607.6  2247.2  3113.2    22.3   319.9    80.2   140.8
   413.9  1618.7  2253.4  3087.9    25.0   335.7    65.4   155.5
   413.3  1566.9  2245.1  3082.2    22.2   244.0    64.5   191.9
   410.5  1561.2  2263.3  3107.3    23.0   214.1    58.3   283.0
   367.7  1231.9  2206.3  3249.2    31.1    53.9    46.3   137.3
   361.8  1232.4  2206.4  3242.1    24.8    63.1    44.7   141.3
   357.3  1237.1  2205.7  3227.6    21.5    71.7    46.5   169.8
   353.9  1237.8  2204.4  3191.7    18.9    48.0    41.8   182.9
   349.3  1226.0  2199.2  3186.5    17.2    44.4    41.8   242.7
   342.1  1147.0  2214.9  3157.9    40.7   347.5   233.3   133.5
   343.4  1135.1  2217.8  3164.7    41.4   336.2   245.0   150.6
   342.9  1123.0  2216.6  3165.9    40.3   305.4   240.7   169.2
   339.4  1113.7  2232.2  3156.7    33.9   249.0   203.1   143.4
   338.6  1124.0  2237.4  3155.7    26.2   177.3   181.4   151.7
   381.7  1253.5  2279.9  3085.7    46.7   157.1    71.4   182.2
   381.1  1244.8  2272.2  3088.4    46.2   119.2    84.9   216.7
   379.6  1237.5  2275.5  3092.2    44.7    87.5    80.6   155.6
   378.6  1232.8  2282.6  3093.8    43.8    63.7    77.5   115.4
   376.1  1229.0  2286.1  3074.5    42.5    58.9    73.7   136.5
   367.3  1269.7  2259.6  3036.0    60.3   109.9    49.6   138.6
   369.1  1259.0  2268.7  3036.6    57.5    96.9    51.7   138.6
   371.5  1249.6  2268.9  3052.8    53.6    93.8    60.3   116.8
   370.7  1247.6  2259.9  3058.1    52.4    94.9    70.9    94.6
   370.0  1250.5  2256.5  3062.5    51.2   104.9    76.5    95.0
   392.7  1533.6  2253.3  3025.5    40.6   195.1    69.6   130.8
   389.9  1510.5  2262.0  3045.9    33.8   155.9    58.2   126.8
   387.3  1494.2  2254.2  3046.6    29.7   112.5    53.0   125.8
   385.4  1488.9  2247.9  3042.7    26.4   110.8    57.1   148.2
   382.2  1451.4  2245.8  3063.1    20.3    86.0    77.5   203.0
   366.8  1325.7  2347.8  3238.1    37.8    35.5   132.1    85.9
   362.4  1334.6  2361.2  3242.5    37.0    38.9   130.8    77.5
   361.6  1327.0  2347.7  3258.9    38.6    35.3    93.8    88.3
   361.4  1317.9  2330.9  3252.7    42.1    43.1    65.0    91.5
   365.0  1325.0  2332.7  3251.0    50.0    43.8    71.4    93.2
   390.1  1408.6  2280.6  3368.7    45.0   160.7    43.9   261.0
   386.6  1410.1  2280.7  3327.8    46.0   185.1    44.9   247.9
   384.7  1416.6  2285.1  3066.8    45.7   183.4    47.1   157.3
   383.8  1433.7  2284.3  3091.6    43.4   181.3    46.1    91.2
   383.1  1417.8  2273.7  3092.4    40.0   152.7    45.7    89.8
   389.1  1429.5  2301.7  3105.3    45.9   143.2    22.4   115.5
   390.2  1411.7  2297.3  3123.3    43.6   111.2    24.0   101.3
   389.5  1407.2  2297.1  3127.3    43.1   103.0    25.6   100.3
   387.8  1394.0  2296.1  3116.5    40.9    87.5    37.3   126.5
   387.2  1384.5  2291.7  3113.7    37.1    74.2    50.9   159.1
   388.7  1432.7  2245.6  3272.8    47.1    76.9   195.4   136.7
   390.0  1432.6  2252.7  3272.0    44.3    81.4   204.8   141.5
   390.3  1432.5  2253.1  3254.2    42.1    99.3   203.6   135.1
   390.9  1426.5  2258.3  3252.9    41.6   117.6   219.4   131.2
   390.6  1423.7  2270.4  3258.6    43.6   139.5   247.2   156.4
   345.2  1062.0  2247.7  3128.2    42.8   392.6   390.1   154.5
   346.0  1063.7  2204.9  3149.6    45.4   350.0   317.8   169.5
   345.7  1049.5  2199.9  3146.3    46.8   342.5   289.0   236.4
   345.2  1027.5  2217.7  3098.5    47.6   367.8   306.1   242.0
   346.3  1010.8  2244.7  3114.8    50.2   400.2   364.6   196.8
   341.4  1182.0  2249.8  3144.5    18.0   261.1   110.1   155.2
   341.7  1177.7  2256.0  3151.9    18.7   338.7   114.1   156.4
   341.6  1153.1  2257.7  3152.5    21.2   510.7   137.1   153.8
   341.8  1145.0  2249.4  3146.7    24.8   616.2   161.6   160.7
   342.4  1136.4  2240.6  3144.1    28.4   780.9   190.9   156.2
   348.8  1438.1  2296.5  3245.8    19.3   113.7    30.6   113.4
   346.4  1425.8  2288.2  3257.7    19.2   101.1    22.6   136.2
   345.5  1416.4  2275.9  3271.3    20.5    88.2    22.8   143.5
   343.5  1406.2  2286.4  3266.4    23.4    73.2    31.0   129.5
   342.3  1405.2  2303.6  3263.4    28.2    89.0    33.7   102.0
   365.7  1365.7  2271.7  3385.5    14.8    83.7   137.6   176.7
   365.5  1351.0  2277.4  3415.2    11.8    93.1   107.2   148.4
   364.7  1352.3  2271.7  3395.7    11.8   174.9    92.4   175.9
   356.1  1373.0  2260.7  3405.9    19.0   359.6    32.0   120.5
   334.7  1335.4  2264.7  3378.0    40.5   200.8    29.4   130.5
   365.2  1378.5  2241.6  3090.8    11.0   194.1    47.0   145.4
   362.4  1352.2  2243.4  3105.2    11.1   132.3    46.9   202.0
   359.9  1343.4  2252.8  3139.7    11.7   105.4    43.1   190.6
   358.4  1334.1  2264.1  3145.5    12.2   101.1    36.1   188.2
   358.9  1310.1  2261.6  3173.9    13.7   103.9    42.8   316.4
   246.0  2033.2  3025.1  3475.1   103.4   433.0   112.6   192.2
   246.9  2072.8  3041.5  3464.2   102.3   348.2   120.5   200.5
   250.3  2099.4  3043.6  3485.5   109.7   393.0   133.1   185.9
   253.0  2146.3  3034.6  3505.0   112.3   520.3   123.2   140.3
   245.6  2082.5  3024.0  3501.4   105.0   339.8    88.1   144.2
   262.1  2246.1  3005.3  3529.0    87.4   128.8   142.6   339.1
   264.5  2231.3  3031.5  3545.2    91.3   107.4   125.0   205.0
   258.4  2222.5  3031.7  3566.2    64.5    95.8    89.9   166.9
   259.2  2228.4  3029.5  3582.8    55.7    83.4   140.7   120.8
   262.1  2242.5  3043.8  3592.4    55.5   102.4   165.1   102.9
   295.7  2033.1  2770.5  3181.8   113.9   232.3   274.1   416.3
   308.0  2047.3  2788.1  3144.0   104.4   256.3   282.8   536.7
   315.7  2070.5  2788.9  3162.2    88.0   244.0   281.5   494.1
   320.1  2073.2  2793.9  3172.5    82.5   219.8   254.4   430.6
   316.9  2079.5  2800.2  3183.2    89.1   248.2   283.8   276.4
   276.6  2133.3  2699.9  3329.7    41.1   219.3   231.3   158.1
   276.0  2148.4  2695.9  3346.6    40.3   220.6   219.4   147.1
   275.9  2161.5  2700.3  3354.6    41.8   213.8   200.7   164.5
   276.0  2164.4  2690.8  3333.0    40.6   199.8   175.2   178.3
   275.2  2156.7  2684.7  3349.4    42.4   179.1   175.6   184.6
   278.2  2094.5  2994.6  3487.1    87.8   224.7   163.3   210.1
   274.5  2081.3  3007.1  3486.1    78.2   290.6   160.1   231.3
   273.3  2119.4  3004.0  3476.4    76.8   250.9   130.4   264.5
   274.9  2119.5  3003.8  3486.2    78.3   203.7   140.6   354.3
   282.1  2118.5  3012.8  3500.7    79.8   229.0   139.5   294.5
   242.6  2188.9  3043.6  3637.6    24.8   118.9   103.7   222.0
   239.6  2187.9  3036.7  3572.0    21.3   120.9   139.8   222.4
   237.1  2186.6  3038.2  3571.6    17.7   100.0   155.0   229.2
   235.2  2203.4  3062.2  3573.1    17.9    68.4   229.5   204.1
   232.7  2206.6  3049.9  3572.1    19.9    61.2   307.9   209.3
   336.1  2100.4  2826.5  3413.9    74.7   218.1   112.9   121.4
   335.6  2106.1  2837.8  3418.8    77.3   256.3   120.1   128.4
   332.0  2115.1  2847.5  3432.5    77.6   306.9   129.7   126.6
   327.3  2127.6  2851.4  3423.1    75.1   327.0   118.9   108.1
   323.4  2100.0  2851.6  3412.9    73.6   250.8   104.1   100.1
   326.9  1953.7  2406.7  2904.3    48.8   326.5   189.3   204.4
   324.7  1960.3  2415.0  2913.3    48.9   312.8   176.7   203.3
   324.0  1968.2  2423.1  2920.2    50.1   299.7   163.9   197.6
   325.4  1965.0  2423.8  2924.4    48.7   299.1   163.1   202.1
   328.4  1968.2  2417.2  2924.5    49.6   310.3   172.4   197.1
   319.0  1912.6  2562.0  3315.2    94.1   114.5   517.5   575.3
   324.1  1895.7  2533.2  3281.6    83.9   120.3   454.8   451.5
   326.4  1883.9  2535.2  3281.6    80.1   117.3   473.3   345.3
   327.1  1875.5  2568.2  3290.0    79.4   108.0   500.2   333.9
   326.5  1864.1  2595.5  3306.1    77.2   107.6   384.0   439.7
   314.7  1980.6  2599.2  3134.3    46.6   284.3   208.8   309.7
   309.6  2029.7  2676.6  3107.6    39.2   278.9   229.6   238.5
   306.9  2053.4  2745.2  3156.0    34.3   311.7   212.7   236.5
   302.0  2025.1  2729.1  3152.0    48.0   403.7   173.7   476.7
   300.1  2057.3  2713.5  3144.4    67.7   353.8   161.8   606.2
   266.2  2098.0  2908.1  3437.5    78.2   221.7   177.2   153.5
   268.6  2071.4  2904.4  3421.2    83.0   257.5   158.9   110.3
   277.7  2041.5  2915.9  3396.3    81.3   406.3   185.2   102.4
   285.8  2062.7  2911.5  3394.0    85.9   461.1   164.7   155.2
   297.0  2081.9  2900.8  3382.0    99.0   466.3   144.4   269.5
   278.8  2038.7  2945.4  3576.4    70.3   276.8   119.9   158.4
   275.3  2066.9  2962.4  3600.7    72.5   231.2   129.4   136.8
   273.8  2072.9  2972.7  3590.4    68.8   264.6    99.9   143.3
   272.3  2066.7  2989.0  3584.5    64.9   289.5    95.9   175.9
   270.4  2131.7  3024.3  3624.3    63.4   221.1   195.0   117.6
   362.7  1839.1  2568.8  3151.8    61.5   169.1   373.4   171.9
   346.0  1856.1  2578.2  3162.2    68.7   169.4   508.2   142.8
   336.9  1862.2  2568.1  3152.3    70.7   186.7   530.1   199.1
   339.3  1860.8  2519.8  3159.2    71.0   210.7   332.8   281.0
   343.7  1857.8  2533.3  3177.4    67.3   234.1   165.5   293.1
   346.9  2257.7  2879.4  3310.5    66.3   116.8   109.1   315.8
   344.9  2319.3  2923.6  3378.9    46.5    96.3   162.7   316.5
   341.6  2273.4  2957.1  3360.1    46.1   147.0   187.7   332.1
   328.1  2236.8  2898.0  3354.7    54.7   144.3   132.6   305.5
   320.3  2225.2  2876.8  3287.6    82.4   167.0   115.9   402.9
   295.2  2127.0  2960.0  3495.6    53.8   194.9   127.6    74.8
   295.4  2149.2  2961.0  3501.8    54.9   158.1   150.1    71.6
   293.7  2158.8  2973.4  3514.7    56.5   142.2   186.4    77.8
   289.4  2157.8  2997.1  3522.0    56.6   147.2   233.2    76.3
   287.6  2153.0  2977.4  3521.9    56.0   198.1   257.4    74.7
   323.1  1929.0  2607.2  3186.5    75.6   114.2   346.0   179.7
   319.9  1922.2  2600.4  3190.1    67.0   128.5   487.7   207.1
   320.7  1896.3  2621.7  3212.1    60.0   183.3   519.9   248.3
   321.9  1855.1  2648.4  3221.9    59.4   234.2   367.8   202.4
   326.7  1893.7  2667.0  3229.0    59.1   214.5   339.7   196.1
   267.8  2051.1  2815.5  3418.3    75.4   155.8   285.7   220.4
   263.6  2057.0  2874.4  3431.0    73.9   164.1   474.7   227.9
   260.8  2066.7  2839.9  3439.8    72.7   194.6   461.0   233.7
   256.9  2077.6  2805.2  3440.9    74.7   203.3   355.0   256.4
   256.9  2113.0  2867.4  3392.6    79.0   220.4   266.0   280.0
   337.9  2016.1  2721.8  3501.5    67.7   155.5   290.6   290.8
   332.6  2023.4  2745.7  3488.7    68.9   159.8   227.0   236.9
   331.8  2037.3  2754.2  3467.1    70.1   225.5   182.8   205.3
   331.6  2022.3  2746.6  3479.6    70.7   261.3   188.2   225.6
   320.9  1998.7  2726.9  3505.3    67.4   221.6   255.4   305.7
   274.5  2107.5  2966.6  3600.3    92.2    87.9   139.8   325.2
   269.3  2103.8  2938.9  3571.6    88.4    92.7   157.8   246.0
   267.0  2091.1  2944.5  3583.0    81.0   113.5   171.8   247.9
   260.5  2099.8  2948.2  3547.5    74.0    83.5   122.4   249.2
   254.5  2100.2  2954.8  3554.3    68.0    76.3   122.2   285.4
   309.3  2082.0  2784.6  3393.2    74.6   186.4   191.9   272.2
   307.7  2111.7  2792.8  3363.5    76.9   201.9   124.7   199.6
   305.0  2163.6  2816.8  3393.5    70.0   258.6   143.4   159.0
   308.6  2159.7  2811.8  3450.0    56.9   462.0   184.0   207.8
   307.4  2108.0  2855.6  3446.5    44.0   604.2   195.4   188.0
   314.5  1975.5  2557.0  3004.1    65.4   127.2   255.5   328.2
   307.6  1963.6  2568.7  3023.3    64.2   105.0   161.4   339.7
   308.7  1979.6  2573.7  3012.1    58.4   102.8   125.2   246.2
   304.2  2019.6  2597.6  3021.9    54.6   159.9    89.5   133.2
   320.8  1996.6  2604.5  3043.6    61.4   108.3    79.2   143.9
   307.7  2156.6  2727.0  3077.6    62.3   165.2   164.5   373.4
   313.5  2165.3  2756.6  3122.9    61.5   117.1   182.4   322.6
   309.8  2187.3  2755.0  3141.0    71.7   153.7   211.9   228.3
   294.2  2187.4  2747.6  3112.5    87.7   252.3   223.3   274.8
   274.4  2185.2  2733.3  3096.8    73.2   267.7   230.0   277.7
   481.3  1838.5  2457.6  3275.7    73.8   203.7   343.7   318.3
   484.6  1837.7  2469.7  3237.0    68.4   206.5   352.2   297.0
   486.8  1835.2  2477.2  3221.8    64.2   211.4   390.9   297.7
   488.5  1826.9  2471.0  3198.6    60.4   208.8   422.4   338.2
   490.1  1815.5  2472.5  3219.0    56.1   202.5   448.3   383.0
   481.2  1909.9  2461.9  3321.5    61.6   142.6   472.5   210.4
   483.2  1915.9  2437.1  3328.7    58.1   149.4   545.2   178.5
   483.1  1916.8  2446.5  3327.7    53.0   134.7   541.2   158.9
   485.9  1909.9  2413.6  3317.4    53.8   133.0   532.5   166.9
   491.4  1895.3  2444.7  3301.8    64.1   124.7   465.0   286.9
   509.9  1834.2  2501.0  3251.7    43.5   157.8   440.1   480.0
   509.7  1843.9  2512.2  3245.3    40.0   145.5   377.0   495.0
   509.2  1847.2  2518.7  3251.6    37.9   131.8   344.7   500.3
   508.9  1854.1  2522.2  3251.4    35.7   122.6   298.8   370.7
   508.8  1863.4  2511.6  3220.9    29.9   101.7   232.6   256.1
   490.7  1768.3  2404.1  3403.1    34.8   301.5   314.2   122.3
   488.2  1769.1  2366.7  3394.9    37.7   244.7   320.9   132.1
   486.7  1775.9  2383.1  3395.6    40.4   229.0   286.6   139.8
   485.7  1776.0  2382.4  3394.7    42.2   220.5   276.5   156.1
   482.5  1770.8  2383.3  3381.7    45.3   188.1   255.1   195.1
   473.9  1850.7  2603.2  3290.4    95.3   171.6   535.2   136.7
   474.8  1853.8  2637.8  3321.5    82.4   175.0   589.1   160.8
   477.3  1853.6  2644.3  3338.5    73.2   174.9   543.1   176.6
   478.8  1850.0  2630.5  3331.6    70.4   177.2   527.1   173.6
   480.5  1852.7  2648.7  3341.6    65.5   179.5   603.7   177.6
   502.7  1778.8  2369.8  3529.0    78.1   171.7   381.9   343.3
   506.7  1784.5  2357.1  3546.4    72.0   119.5   320.1   336.8
   507.6  1791.4  2366.4  3603.8    64.6    93.9   277.1   305.3
   503.9  1796.9  2402.6  3584.5    56.0   100.9   289.9   314.4
   504.1  1786.9  2402.9  3584.6    50.2   106.4   248.8   329.2
   513.9  1720.9  2321.6  3379.8   152.5   108.1   244.0   330.7
   512.6  1713.3  2330.3  3408.8   132.7   121.7   169.7   380.3
   502.4  1717.9  2333.3  3415.2   109.8   143.8   161.7   251.0
   500.8  1718.8  2338.0  3398.9    96.5   146.6   187.2   177.1
   507.0  1712.4  2305.0  3378.4    92.5   129.1   297.7   209.5
   527.7  1726.0  2326.9  3393.8    57.8   209.0   285.0   235.9
   525.1  1730.9  2345.5  3411.2    56.2   197.3   340.5   193.5
   522.8  1731.1  2347.7  3422.3    55.2   178.8   354.4   139.3
   521.4  1730.8  2344.8  3406.7    52.1   159.3   315.1   106.8
   519.5  1722.3  2337.7  3391.8    50.2   146.1   231.9   117.0
   462.4  1883.0  2580.7  3261.0   105.0    94.0   179.1   308.4
   468.3  1883.3  2580.7  3274.9   101.2   101.6   170.8   218.3
   471.0  1883.6  2578.2  3280.4   100.6   106.2   189.3   199.2
   475.7  1884.1  2571.0  3281.5    95.0   116.0   205.1   193.0
   478.5  1883.4  2555.2  3257.2    88.2   116.7   232.9   236.8
   478.1  1816.2  2369.8  3294.3   117.2    79.0   338.6   632.4
   479.5  1819.5  2382.1  3295.5   115.8    80.8   311.8   676.3
   480.7  1824.2  2386.9  3257.0   114.1    79.5   331.9   678.2
   479.3  1822.4  2399.9  3256.8   116.7    76.3   300.5   569.6
   479.3  1822.3  2404.7  3259.1   118.8    73.2   270.0   493.1
   482.3  1897.9  2364.6  3206.8   118.5   194.3   540.1   370.9
   485.6  1893.8  2373.2  3197.2   122.8   189.0   592.6   346.9
   488.4  1883.5  2338.6  3195.7   125.8   196.2   597.4   273.1
   497.1  1876.9  2292.7  3180.1   128.6   191.8   590.1   203.6
   505.0  1875.1  2309.8  3163.7   130.6   213.8   690.2   168.5
   521.6  1805.6  2455.2  3382.9    74.5   224.5    98.7   256.8
   521.0  1799.7  2455.2  3395.6    74.9   212.7   100.6   224.9
   520.9  1797.0  2455.2  3370.7    73.0   220.6   113.0   184.2
   521.3  1800.6  2445.4  3367.5    67.2   225.9   114.8   168.7
   521.3  1799.3  2438.8  3380.9    62.1   233.5   138.6   172.4
   538.0  1769.5  2303.0  3254.8    57.9   102.8   151.5   167.6
   526.9  1766.2  2295.5  3288.7    63.7   105.5   150.5   254.4
   528.7  1719.0  2320.4  3370.2    89.7   117.0   151.3   316.3
   527.0  1749.4  2309.0  3341.3    56.6   153.7   197.3   267.7
   517.2  1792.3  2311.4  3309.2    70.6   161.8   248.7   409.2
   474.7  1808.6  2293.1  3475.5    33.3    92.3   348.1   210.3
   473.9  1808.2  2267.5  3447.0    31.8   106.9   333.2   180.9
   472.9  1814.2  2271.6  3436.5    31.3   106.9   308.9   169.7
   471.8  1819.0  2283.5  3436.3    31.5   115.6   284.8   167.4
   470.6  1823.1  2297.5  3435.5    32.3   136.3   261.5   184.3
   514.8  1930.7  2478.3  3407.8   132.6   153.8   650.1   430.4
   516.0  1936.4  2465.3  3435.1   132.6   159.8   666.5   433.8
   516.4  1939.0  2429.1  3457.2   131.4   166.4   673.5   449.0
   514.7  1945.3  2431.6  3447.5   130.9   161.4   655.9   453.9
   514.3  1951.8  2437.2  3427.7   131.5   154.8   677.2   479.3
   498.0  1750.3  2384.3  3147.8   107.9   163.4   273.6   539.2
   493.5  1755.6  2396.0  3161.4   110.6   162.0   276.9   440.3
   489.8  1758.9  2405.0  3160.9   112.3   164.8   280.8   407.5
   489.7  1756.4  2408.8  3159.4   112.6   175.6   295.1   468.1
   491.9  1749.6  2410.0  3158.8   108.5   196.8   333.8   618.2
   485.1  1772.6  2400.1  3537.9    51.8   131.4   220.6   323.3
   487.6  1783.5  2408.5  3490.7    61.2   153.3   261.5   449.7
   491.9  1791.2  2417.2  3517.5    69.3   164.5   345.7   447.0
   495.8  1769.1  2420.3  3473.3    64.5   187.7   488.4   366.4
   506.0  1785.3  2463.2  3541.5    44.2   209.3   258.5   351.4
   524.9  1773.7  2406.3  3440.0    62.0   218.8    95.8   149.8
   523.8  1796.0  2408.9  3438.6    56.2   209.3    95.0   121.6
   520.0  1790.9  2411.6  3429.0    55.9   190.5   119.4   112.9
   516.3  1781.0  2406.7  3439.2    57.6   168.6   132.8   121.7
   515.6  1781.7  2405.6  3449.8    57.6   160.4   136.2   125.5
   493.3  1721.5  2227.8  3364.4    94.5    79.2   125.4   482.4
   504.9  1721.5  2209.5  3386.4   100.4    92.2   149.8   463.5
   503.9  1713.2  2202.2  3356.4   104.5   105.4   152.1   476.5
   503.6  1724.3  2207.3  3401.3   105.3   100.5   142.6   492.9
   515.6  1736.9  2200.7  3415.1   109.0   110.8   179.1   428.5
   482.0  1695.9  2315.6  3428.7    97.3   325.8   392.6   288.4
   486.8  1697.0  2333.1  3441.6    91.3   296.2   312.4   324.8
   491.8  1696.9  2329.4  3440.5    82.9   277.3   326.0   349.5
   494.0  1710.7  2346.1  3460.0    75.5   258.0   278.6   500.6
   497.4  1709.4  2347.5  3449.8    67.3   264.7   272.4   628.7
   480.4  1884.5  2667.9  3489.0    59.0    71.2   342.0   352.4
   476.4  1887.5  2674.6  3503.3    66.2    71.9   321.9   361.1
   472.5  1890.1  2678.8  3483.1    70.3    73.4   319.0   410.7
   468.8  1892.0  2685.7  3482.0    73.1    74.6   327.6   372.5
   464.4  1898.5  2695.8  3512.8    77.4    76.2   342.9   342.2
   509.7  1743.7  2311.0  3400.3    28.7    85.7   476.1   101.5
   508.3  1745.6  2320.3  3396.6    29.2    84.8   444.1    78.4
   506.7  1744.5  2297.6  3394.7    30.7    92.0   439.4    73.3
   504.9  1743.1  2291.9  3390.3    32.8   105.6   438.7    86.6
   503.8  1742.0  2275.9  3367.8    33.4   107.3   426.7   100.1
   820.9  1316.0  2199.5  3200.8   122.0    73.3   262.2   312.3
   832.2  1314.2  2234.6  3190.0   150.0    86.8   255.2   197.3
   842.1  1309.9  2243.7  3200.5   164.9    93.4   269.7   183.3
   843.7  1305.8  2234.1  3231.4   162.2    95.1   276.4   214.7
   849.2  1294.3  2211.9  3211.3   114.5    70.2   249.6   227.6
   780.0  1214.9  2132.1  3303.0   108.1    69.3   397.8   140.9
   784.1  1216.7  2135.7  3285.6   109.1    73.1   452.5   121.4
   788.6  1217.9  2123.1  3297.0   112.1    79.4   479.1   105.5
   795.7  1213.5  2120.3  3320.0   111.4    81.4   518.8   105.2
   802.2  1208.8  2140.1  3344.7   106.7    77.5   582.8   115.5
   880.3  1374.9  2153.2  3188.5   213.5   158.7   337.5   624.2
   882.6  1365.7  2149.5  3182.3   203.5   148.5   323.6   643.1
   875.9  1361.1  2168.0  3185.1   207.5   149.1   331.9   574.9
   869.0  1358.1  2196.8  3185.0   215.6   149.9   371.2   589.6
   881.2  1355.7  2205.2  3169.2   222.9   131.0   414.3   877.2
   719.3  1279.5  2208.4  3428.1   107.0    85.3   202.1   128.8
   717.4  1276.6  2216.2  3448.3   103.5    90.5   189.5   100.7
   717.1  1276.4  2216.7  3462.8   107.0    87.9   185.9    91.4
   719.2  1277.4  2223.0  3476.0   123.3    78.5   231.1    92.8
   725.5  1278.2  2221.6  3489.0   159.9    67.8   295.0    97.7
   790.1  1232.5  2131.3  3344.5   289.0    74.2   183.7   397.2
   794.8  1229.2  2116.5  3273.8   321.8    93.6   211.3   331.0
   785.6  1225.1  2062.7  3270.8   339.8   137.9   270.8   258.3
   794.2  1214.2  2120.4  3328.1   270.7    97.9   212.8   207.9
   797.8  1209.5  2149.7  3379.5   259.9    94.6   218.6   194.3
   726.8  1139.8  2074.8  3336.0   150.9   120.9   220.0   241.7
   737.6  1142.0  2061.5  3258.2   171.7   111.4   406.5   370.3
   732.3  1150.1  2064.8  3255.2   150.3   131.0   349.2   313.8
   725.5  1149.6  2053.9  3244.6   126.0   153.5   344.5   344.2
   734.1  1154.1  2095.7  3300.2   133.7   144.8   545.2   389.7
   709.6  1282.7  2250.5  3037.8   164.0    91.3   347.9   561.0
   713.3  1281.0  2254.2  3026.6   155.1    89.6   320.6   597.2
   727.9  1278.0  2289.2  3119.1   164.3    69.1   312.9   402.0
   736.0  1274.8  2298.1  3128.5   167.1    60.2   306.8   332.9
   733.0  1275.5  2287.1  3154.2   145.5    63.0   299.9   426.0
   861.5  1283.2  2081.3  3169.5   149.2   103.7   435.9   719.7
   845.5  1283.9  2028.3  3177.4   153.7   127.1   367.1   649.5
   833.5  1285.5  2013.4  3211.0   161.9   150.2   364.3   642.7
   824.5  1291.4  2013.1  3121.7   165.4   152.7   463.4   523.1
   819.6  1301.4  1981.7  3023.9   166.0   158.8   675.2   400.1
   744.0  1229.0  2091.5  3245.8   172.5    94.0   536.4   268.2
   750.5  1227.3  2102.7  3226.6   181.7    91.1   504.6   266.7
   757.5  1226.1  2131.1  3228.0   192.3    87.8   483.1   284.4
   763.9  1224.7  2117.0  3256.7   194.3    85.1   454.1   292.3
   770.6  1223.9  2123.9  3276.2   186.9    80.2   435.7   261.1
   794.6  1204.0  2050.2  3101.5   228.5    95.8   287.5   192.3
   805.9  1214.9  2087.7  3100.5   186.9    91.7   269.7   218.4
   794.0  1210.2  2097.7  3085.5   148.6    77.0   209.0   186.6
   788.8  1197.2  2079.5  3078.6   131.1    65.5   209.5   174.2
   788.2  1195.6  2079.4  3097.4   150.1    68.7   251.3   220.4
   729.4  1208.1  2199.7  3253.2   248.8   156.1   238.3   147.6
   725.0  1201.1  2192.1  3244.3   244.8   109.6   198.2   130.2
   734.5  1202.3  2190.2  3256.6   222.3    92.2   192.5   111.3
   741.6  1205.5  2211.3  3246.3   250.7   100.2   139.1   107.7
   755.2  1224.4  2215.5  3251.9   264.9   133.1   122.4   119.7
   811.4  1118.2  2021.1  3202.7   119.9    49.8   162.8   579.1
   823.4  1122.8  2025.0  3079.0   129.3    61.5   165.0   462.7
   843.2  1127.7  2034.1  3083.0   173.8   103.8   193.1   393.4
   846.2  1127.6  2038.1  3129.1   204.2   135.3   221.1   399.0
   835.0  1142.8  2026.9  3155.7   181.7   110.2   249.0   458.2
   841.9  1229.9  2168.5  3222.2   219.7   143.5   224.5   216.0
   832.3  1228.4  2155.4  3267.9   201.6   133.6   232.2   145.5
   828.2  1226.7  2163.6  3260.2   186.5   119.9   244.3   137.1
   817.5  1222.5  2137.5  3226.7   167.0   115.7   343.2   187.9
   817.4  1223.1  2134.7  3194.0   167.2   115.8   346.0   216.8
   806.6  1197.6  2122.9  3116.1   100.3    74.9   311.8   113.5
   805.6  1197.6  2095.6  3085.2    96.1    75.4   269.5   114.5
   807.9  1205.8  2059.5  3081.3   119.4   102.9   300.7   135.0
   819.0  1213.6  2107.4  3123.5   145.6   142.8   345.8    89.5
   826.0  1221.4  2104.1  3110.9   144.0   117.6   232.0    91.7
   740.1  1246.1  2088.2  3371.7   145.2    70.7    96.2   214.7
   719.9  1256.0  2096.5  3391.3   229.3    82.3    66.4   235.4
   720.7  1250.5  2102.9  3397.1   249.8    84.2    76.3   210.9
   724.5  1245.9  2104.6  3394.0   256.3    88.9    98.0   266.5
   721.4  1245.7  2121.2  3396.9   273.2   100.7   102.0   448.5
   684.0  1132.2  2176.8  3218.0   288.1   131.2   176.0   160.8
   687.5  1151.8  2173.2  3228.7   267.7   120.2   172.9   200.4
   676.5  1157.2  2183.3  3231.2   246.0   127.9   155.5   185.6
   694.3  1174.6  2186.6  3218.7   253.5   110.0   146.4   207.0
   716.7  1179.5  2177.2  3198.7   279.6    88.3   149.6   246.2
   718.1  1219.8  2046.2  3103.3   213.2   178.7   771.2   469.1
   721.0  1206.5  2050.3  3138.5   224.8   171.7   643.8   490.6
   716.0  1204.7  2098.2  3147.9   252.3   128.8   609.7   578.1
   718.4  1208.5  2101.7  3040.3   270.6    95.3   529.4   478.1
   741.0  1205.9  2101.2  3022.8   284.6    94.7   519.8   402.7
   735.4  1168.1  2243.0  3393.9   220.5    80.0   176.1   298.7
   738.2  1169.8  2215.8  3388.8   215.2    84.4   165.0   288.7
   739.8  1172.7  2197.9  3363.6   205.5    92.4   172.2   299.3
   737.1  1174.8  2203.6  3362.7   196.9   104.1   204.9   307.8
   731.9  1176.2  2233.8  3399.8   192.5   112.4   212.6   293.1
   720.6  1169.2  2216.2  3241.5   167.8    92.3    88.6   441.7
   735.1  1179.1  2188.2  3211.1   164.4   103.2   105.9   254.9
   742.9  1201.8  2189.5  3183.0   168.9   151.2   103.9   253.0
   738.0  1201.3  2168.2  3124.3   186.6   156.4   129.4   305.8
   717.8  1202.2  2154.1  3109.5   181.3   212.2   168.4   240.3
   819.7  1211.8  2115.6  3193.9    48.4   138.8   125.1   414.1
   824.0  1219.5  2111.0  3173.0    53.1   153.4   139.0   467.8
   827.7  1218.6  2123.0  3196.3    53.7   174.4   129.9   509.4
   832.4  1212.2  2129.9  3218.5    51.8   205.2   117.2   525.9
   835.9  1188.3  2136.7  3165.9    51.6   234.1   108.0   533.4
   663.0  1149.4  2242.3  3018.2   219.2    66.0   531.5   311.0
   665.8  1142.8  2252.2  3053.1   206.7    77.3   511.2   271.2
   671.8  1152.0  2304.0  3079.3   184.1    98.5   528.8   250.4
   679.5  1164.2  2337.6  3079.5   182.7    90.4   506.9   244.8
   671.8  1157.4  2255.2  3053.6   203.4    83.0   470.0   242.2
   722.9  1320.9  2062.2  3391.1   156.2   113.7   564.1   312.5
   734.1  1320.3  2079.1  3368.8   169.2   161.8   353.3   326.8
   743.5  1337.9  1963.5  3349.2   177.5   213.0   327.9   154.1
   741.7  1330.9  1992.2  3363.7   167.2   204.7   372.4   223.8
   749.4  1335.2  2071.4  3463.9   173.3   186.9   446.3   291.6
   426.7   778.5  2126.2  3354.7   194.1   229.7   209.5   241.7
   433.6   789.1  2130.8  3339.9   194.2   234.8   139.9   140.1
   437.7   785.3  2139.5  3323.0   195.7   238.8   119.4   153.1
   443.4   777.2  2144.8  3336.7   197.1   233.0   110.2   197.8
   449.2   764.5  2149.7  3407.6   176.1   207.4   128.2   300.6
   498.3   867.7  2222.2  3511.0    55.4    81.8    91.6   258.5
   496.1   858.7  2237.4  3576.3    58.7    76.2    97.4   261.1
   494.0   854.9  2242.0  3585.3    65.3    76.4   100.7   374.4
   494.8   851.4  2244.2  3567.4    69.4    70.9    90.1   399.2
   492.9   845.3  2251.1  3540.6    76.3    69.0    89.3   239.5
   500.8   868.3  2210.5  3345.3   115.8   149.2    72.2   485.6
   499.2   866.3  2204.7  3310.8   113.6   149.8    75.1   403.0
   498.6   863.7  2203.7  3327.3   111.3   142.2    77.1   384.1
   494.0   858.3  2200.3  3282.6   110.3   155.7    77.2   357.8
   492.6   854.8  2201.8  3305.2   109.3   163.0    81.2   343.4
   481.0   829.6  2209.8  3353.0    45.8   128.1    49.8   556.6
   478.8   830.4  2200.0  3357.4    47.2   115.3    46.7   521.3
   476.1   830.2  2192.9  3355.9    49.7   105.8    52.0   524.6
   473.2   826.8  2184.8  3365.1    50.9    98.3    62.9   452.9
   471.6   823.8  2178.0  3354.7    52.8    90.1    80.0   381.6
   456.4   814.6  2189.8  3272.0    87.7   185.7   156.8   419.7
   464.0   828.3  2196.4  3250.3    94.3   185.4   132.7   307.3
   466.2   834.0  2189.3  3241.8    90.2   193.0   151.1   312.1
   467.1   829.5  2172.3  3233.6    80.5   215.7   181.2   299.6
   469.0   825.2  2167.5  3229.8    73.6   223.9   219.6   321.5
   436.1   827.8  2162.2  3043.2    67.6   113.0   103.0   466.7
   433.0   826.3  2161.2  3098.8    69.9   117.8   109.9   612.9
   430.1   827.2  2167.6  3111.5    74.6   125.5   123.1   638.1
   429.6   828.7  2172.4  3121.8    80.6   126.0   116.7   599.1
   432.5   832.2  2178.7  3071.3    85.6   120.4   117.4   420.4
   500.0   809.2  2216.7  3386.3    31.2   192.0    85.3   212.8
   498.4   800.6  2203.7  3360.8    27.2   142.2   107.7   233.2
   497.1   793.1  2244.7  3369.1    27.1   125.8    95.6   228.4
   495.3   778.8  2251.6  3377.8    25.7   109.0    86.2   247.3
   493.2   766.9  2250.7  3395.3    26.9   100.6    92.0   230.5
   481.0   929.5  2197.2  3529.9    95.7    72.5    86.5   329.1
   482.8   925.2  2189.6  3555.4    99.5    80.8    88.7   401.9
   481.9   922.5  2172.1  3534.1   102.9   103.0    95.6   360.1
   482.5   921.6  2160.1  3527.9   104.9   123.6   123.9   354.6
   487.8   928.9  2166.8  3507.6   111.6   129.1   130.3   380.4
   458.6   882.3  2081.2  3151.0    81.6   120.3   111.4   492.8
   461.5   875.3  2078.9  3195.5    86.9   126.2   127.8   632.4
   463.5   869.8  2082.6  3149.4    93.3   137.9   127.1   514.5
   463.2   859.0  2095.3  3128.6    94.7   157.8   116.1   435.0
   462.3   850.4  2099.0  3146.0   102.1   185.9   128.0   370.8
   496.8   903.9  2187.5  3469.3    71.4    77.3   107.2   586.2
   496.2   900.1  2183.8  3401.8    70.4    80.3    87.0   444.5
   495.0   894.4  2188.2  3431.4    69.9    77.8    79.9   519.9
   494.7   890.2  2188.7  3446.9    69.6    74.4    77.9   655.6
   494.9   884.0  2198.7  3510.5    67.7    68.0    89.3   689.7
   486.6   838.6  2253.3  3425.8   119.3   172.1   106.6   162.3
   480.5   823.6  2245.1  3447.8   118.2   189.9   104.2   137.3
   484.7   826.1  2255.4  3447.9   116.4   181.9    98.8   129.0
   489.0   828.9  2261.5  3447.2   112.8   173.1    86.1   157.3
   493.0   828.5  2267.1  3449.6   103.9   178.5    65.8   171.1
   512.5   843.0  2159.2  3463.3    77.3   306.4   149.6   106.0
   512.0   847.9  2142.5  3465.8    70.9   327.5   183.6   142.5
   504.5   826.2  2160.2  3445.2    81.5   378.3   233.3   160.0
   502.1   811.9  2146.5  3443.9    78.6   372.7   237.4   186.1
   499.0   792.6  2142.4  3434.5    80.1   363.7   208.9   154.5
   480.4   860.4  2148.4  3147.0    39.4    75.9   111.7   267.9
   478.5   858.2  2149.3  3143.3    40.2    71.2    86.2   343.4
   478.6   858.9  2148.2  3102.6    42.9    60.7    74.4   296.7
   478.4   858.1  2137.6  3111.2    44.2    58.3    83.0   268.9
   480.9   859.4  2127.1  3123.4    46.6    57.4   105.5   352.2
   463.1   826.8  2167.5  3131.8    30.6    49.8    72.7   312.0
   461.3   821.1  2174.5  3127.7    33.0    51.8    63.0   267.6
   460.2   816.3  2181.4  3140.9    33.5    50.2    51.8   231.7
   459.5   811.2  2181.7  3131.6    32.5    45.7    46.4   234.5
   458.2   806.5  2169.7  3095.4    35.9    48.8    48.9   315.6
   490.6   861.9  2209.0  3472.9    69.6   129.7   137.5   215.6
   489.0   859.8  2206.1  3488.8    72.2   123.1   127.9   209.7
   487.4   855.8  2180.5  3480.2    75.9   118.7   150.2   185.8
   484.6   847.4  2173.3  3483.8    80.2   116.3   194.4   205.3
   484.4   841.6  2183.2  3497.3    85.4   107.9   187.3   250.4
   493.6   814.4  2236.2  3210.1    54.3   106.9    39.9   228.3
   491.7   804.5  2238.3  3186.6    56.4   106.7    36.9   208.1
   489.8   794.0  2239.4  3175.1    57.7   109.1    33.0   229.2
   489.8   785.5  2241.5  3194.7    58.4   113.4    32.0   221.2
   489.1   772.3  2248.0  3194.0    59.5   124.1    38.0   244.1
   503.3   885.8  2176.7  3425.7    71.0    74.7    80.1   271.4
   498.8   880.3  2163.1  3418.9    79.7    81.9    82.1   352.1
   497.4   872.7  2165.6  3405.4    86.9    76.1    75.8   431.9
   499.2   868.3  2181.4  3415.7    94.1    70.7    71.5   391.4
   499.6   865.1  2191.9  3444.6    95.6    72.3    60.7   479.2
   472.1   850.5  2163.4  3477.4    57.4    93.7    70.8   352.3
   468.8   845.2  2148.6  3466.7    64.0    76.1    78.4   265.6
   471.1   841.5  2145.6  3477.9    69.4    63.4    80.8   226.4
   476.4   838.8  2151.2  3490.2    68.4    58.3    88.7   228.3
   480.1   836.5  2155.3  3512.2    67.4    64.0    96.2   299.2
   518.4   898.0  2198.4  3457.3    50.9    94.4    84.7   463.5
   517.3   895.9  2190.2  3445.2    48.1    81.2   117.9   416.0
   516.0   891.5  2197.9  3416.7    47.0    73.7   143.9   414.8
   514.6   885.1  2207.3  3394.4    47.2    66.8   116.1   393.6
   513.3   876.7  2210.2  3377.4    46.1    53.7    92.7   420.0
   500.9   884.3  2166.8  3320.2    37.2    53.8    35.3   376.0
   497.8   876.0  2167.5  3301.7    35.9    54.2    43.2   446.9
   494.9   867.2  2185.0  3325.7    32.5    46.9    61.0   618.5
   491.0   862.4  2186.5  3318.7    37.1    44.9    56.1   448.0
   486.2   855.2  2169.8  3299.4    45.2    43.3    45.9   345.1
   481.4   838.6  2169.9  3292.1   144.4   138.3    32.6   261.7
   488.3   841.7  2159.3  3277.6   138.0   136.7    28.6   361.5
   491.1   855.6  2145.8  3288.3   155.7   167.6    24.6   213.2
   489.9   845.4  2155.1  3294.5   135.2   173.8    26.4   354.3
   494.4   838.0  2154.4  3286.2   113.3   165.2    32.7   464.2
   493.0   936.4  2162.5  3266.7   112.6   116.8   167.1   505.2
   492.9   935.2  2178.3  3278.7   112.8   140.1   185.3   503.1
   493.3   934.1  2199.2  3278.5   113.2   163.0   168.8   471.9
   495.5   934.4  2215.5  3308.2   110.1   176.4   142.3   439.2
   495.4   936.7  2215.9  3345.7   113.5   204.0   152.6   528.8
   390.6  1345.0  2359.0  3545.8    40.2    48.0   320.5   138.9
   389.2  1343.1  2365.9  3533.7    39.3    34.7   241.6   134.0
   388.0  1333.3  2394.7  3534.5    36.8    37.3   193.8   143.8
   388.0  1341.3  2397.9  3512.4    37.0    44.0   272.5   113.8
   386.3  1335.2  2372.2  3529.5    36.7    54.5   293.3    92.1
   363.0  1209.6  2140.2  3355.8    44.4   129.8   118.5   295.9
   360.0  1209.5  2157.5  3395.4    46.7   137.0   105.2   404.6
   357.8  1203.7  2142.7  3364.5    51.5   114.6   102.3   288.3
   358.6  1193.9  2130.1  3368.0    56.0   101.1   131.9   209.3
   361.1  1182.3  2130.9  3413.2    59.5   107.7   151.4   259.7
   357.0  1111.4  2236.6  3498.2    53.6    65.6   147.7    93.7
   352.9  1113.6  2230.9  3513.7    57.8    87.5   143.1    70.8
   350.2  1113.2  2204.6  3510.9    57.8    91.6   181.5    93.5
   351.7  1097.4  2207.5  3532.9    52.4    85.7   200.8   105.6
   348.2  1103.9  2224.6  3537.4    56.0   113.9   303.3    73.6
   363.6  1251.0  2140.0  3359.7    42.8   118.2   194.0   491.6
   362.6  1239.6  2144.8  3358.7    44.6   116.9   148.8   360.9
   360.7  1234.2  2130.4  3333.0    46.1   125.0   144.0   326.7
   361.4  1220.9  2139.7  3334.3    46.5   118.4   148.1   340.9
   363.2  1205.5  2132.0  3343.5    46.3   121.1   170.7   412.3
   325.5  1269.7  2274.7  3457.5    60.8    70.0   244.3   148.3
   321.8  1271.9  2303.5  3444.2    66.1    67.7   230.7   167.0
   319.0  1269.9  2298.4  3419.8    73.0    64.9   221.9   167.9
   313.8  1273.6  2272.0  3407.5    80.3    64.4   211.4   176.5
   320.2  1275.3  2288.8  3435.0    92.2    57.2   216.1   132.7
   377.0  1169.0  2212.2  3458.1    80.8    61.2   163.1   244.7
   379.6  1164.9  2199.0  3445.3    77.9    57.7   140.4   211.6
   381.2  1168.7  2207.2  3454.2    74.8    64.4   158.7   205.0
   377.9  1174.8  2217.1  3469.2    72.3    70.8   136.0   226.8
   378.6  1178.7  2227.7  3501.7    70.2    78.6   108.5   363.9
   381.6  1309.6  2090.1  3449.2    61.6   127.5   125.1   320.8
   382.4  1311.2  2107.0  3435.2    56.9   130.0    80.4   317.8
   382.2  1309.2  2111.8  3470.2    51.6   120.9    57.5   301.0
   383.0  1303.0  2111.5  3511.3    45.6   128.6    51.8   246.3
   382.0  1307.7  2104.7  3526.3    43.5   145.2    54.0   211.3
   363.9  1298.8  2194.4  3382.2    63.3   117.5    92.8    68.3
   370.3  1276.5  2186.7  3373.8    55.5   114.5    94.6    66.0
   371.1  1267.4  2167.2  3362.4    52.9   114.9   103.1    72.5
   371.0  1254.1  2161.3  3353.8    51.8   108.9   106.5    69.6
   367.0  1245.9  2160.4  3351.5    53.6   122.0    92.7    70.6
   334.5   860.1  2240.1  3388.3    50.0   179.8   185.8   184.3
   338.3   884.1  2234.0  3409.5    60.6   228.6   237.1   183.5
   337.6   877.9  2240.9  3419.2    58.8   218.4   206.9   157.8
   330.9   860.7  2237.4  3425.9    54.6   180.5   242.9   155.9
   324.0   875.8  2235.4  3425.7    53.8   155.2   274.9   195.8
   333.1  1044.2  2318.1  3417.2    88.7   134.1    87.8   328.4
   333.6  1027.7  2306.6  3391.9    86.4   103.0   134.4   293.2
   322.8  1026.5  2295.5  3432.1    82.5   108.3   118.9   291.2
   328.2  1023.2  2297.9  3416.8    88.8   122.7    97.2   156.0
   314.9  1022.2  2318.8  3398.7    81.0   129.8    99.0   131.0
   353.0  1139.0  2207.4  3423.7    83.3    72.5    76.3   132.0
   351.5  1128.1  2213.5  3441.5    83.1    69.8    61.4   183.1
   347.2  1128.7  2212.0  3480.7    80.3    78.8    77.0   201.5
   348.5  1120.4  2212.7  3516.2    78.5    76.4    96.9   201.3
   348.0  1120.7  2228.6  3536.9    78.9    68.3    98.9   206.4
   336.2  1099.2  2248.8  3480.0    79.9   120.2   135.1   533.9
   342.9  1075.2  2246.0  3461.4    72.5   133.5   157.3   392.7
   352.1  1068.8  2240.9  3476.3    61.4   133.6   172.6   367.7
   358.3  1082.2  2240.1  3449.9    54.6   115.5   197.7   530.2
   357.7  1063.3  2271.1  3456.1    41.5   121.7   226.8   601.6
   361.8  1201.7  2168.7  3541.9    67.4   130.8   109.4   258.0
   364.5  1194.0  2141.9  3597.9    66.4   101.7    80.0   284.6
   363.7  1184.6  2140.6  3596.1    57.3   112.6   100.3   404.2
   363.4  1181.4  2147.0  3540.1    53.9   128.7   108.4   323.6
   362.9  1180.3  2161.6  3562.9    51.6   138.6    97.1   316.6
   347.9  1381.1  2090.1  3346.8    70.1    86.1   108.9   178.2
   348.9  1380.3  2086.1  3346.9    72.9    92.2   114.8   173.3
   349.2  1371.3  2077.5  3365.5    68.8    80.4   122.0   193.1
   349.1  1362.5  2072.5  3390.4    64.5    59.2   125.6   226.9
   352.1  1360.9  2087.4  3407.2    53.5    56.0   131.8   283.2
   365.7  1201.0  2050.3  3508.0    59.6   134.1   110.6   453.4
   366.9  1191.1  2066.1  3462.7    61.3   123.7   116.5   398.1
   367.3  1187.3  2068.3  3453.9    62.7   120.5   114.6   368.6
   367.5  1189.5  2063.5  3449.8    64.7   125.0   114.2   409.3
   369.1  1189.2  2058.0  3490.7    64.0   124.8   118.7   449.2
   369.7  1180.6  2060.7  3337.6    41.6    81.6   155.4   398.5
   367.9  1178.9  2068.1  3351.7    42.2    81.0   135.5   508.1
   367.4  1175.6  2098.9  3382.3    41.9    79.8   111.4   410.1
   367.4  1177.1  2089.3  3368.6    41.2    96.3   121.8   323.0
   368.1  1180.7  2069.5  3330.3    40.6    90.8   123.7   268.6
   356.2  1235.8  2166.1  3408.7    85.2    95.7   182.0    48.4
   358.9  1235.4  2180.6  3395.4    85.5   109.8   153.9    67.0
   364.9  1231.1  2162.7  3418.7    85.6   121.5   171.9    69.2
   370.5  1223.3  2138.3  3420.4    83.5   109.0   137.0    70.1
   375.5  1220.3  2133.1  3407.3    79.1   101.3   128.8   119.7
   345.7   945.9  2262.3  3581.9    64.0   144.0    39.6   322.7
   341.4   938.6  2250.5  3610.0    65.3   137.8    37.2   265.8
   330.6   934.1  2241.8  3612.9    69.0   161.2    43.9   378.2
   326.5   921.6  2244.7  3617.1    69.9   153.2    50.3   414.0
   325.8   911.0  2252.9  3590.9    70.8   122.2    48.3   253.9
   313.6  1187.1  2180.8  3397.8    81.2   129.9    80.5    82.2
   311.0  1185.2  2185.5  3404.8    79.2   137.8    73.5   105.9
   311.6  1175.4  2187.4  3401.1    82.1   138.5    69.1   117.6
   309.4  1180.6  2180.2  3402.2    81.6   135.8    61.9   102.8
   311.7  1178.3  2173.8  3403.1    87.2   138.3    75.1    88.4
   348.3  1145.0  2191.9  3416.8    45.9   135.7   384.6   110.8
   348.7  1120.9  2191.5  3416.7    49.3   176.7   290.4   117.4
   348.4  1117.3  2196.5  3405.9    53.2   180.7   280.1   123.3
   348.2  1103.3  2204.1  3402.5    57.9   210.7   253.6   107.4
   346.7  1082.1  2206.0  3428.0    64.4   280.5   237.8   100.4
   346.4  1274.7  2162.5  3427.7    87.7   101.0   103.6   117.9
   347.6  1271.7  2146.8  3419.1    87.6   104.1    92.8   112.1
   352.1  1261.0  2137.3  3407.8    87.9   109.4   103.2   110.7
   357.3  1246.3  2144.9  3413.8    87.8   112.3   109.5   128.0
   357.5  1236.3  2157.7  3447.8    86.9   123.1   102.7   143.3
   311.4  1291.4  2137.8  3245.5    96.2   139.2   201.0   191.0
   310.8  1296.6  2152.7  3303.6    97.5   173.5   153.8   235.6
   312.2  1302.2  2171.2  3351.2    98.0   201.9   131.7   255.9
   314.3  1297.8  2190.5  3312.4    98.5   202.5   133.4   242.9
   317.9  1292.6  2205.0  3318.3    90.3   251.8   132.7   239.9
   267.4  2011.6  3137.2  3656.5    82.6    81.0   109.2   237.1
   263.3  1998.8  3130.5  3686.9    79.3    65.3   108.0   198.9
   261.1  2013.5  3134.2  3711.6    76.0    49.9   159.8   165.2
   263.6  2022.6  3173.9  3691.1    74.5    59.0   145.7   169.0
   270.8  2012.7  3173.7  3684.5    75.3    66.6   116.7   156.4
   267.4  1984.5  3017.0  3619.3    51.8   142.4    97.6   146.5
   264.6  1986.7  3020.5  3592.7    47.2   113.7   148.3    92.7
   262.1  1977.2  3025.9  3570.6    42.4   108.5   113.6    77.1
   260.7  1978.4  3012.5  3579.8    38.1   130.9    90.5   101.8
   260.2  1999.2  3011.0  3594.4    34.4    97.2   136.0   103.3
   269.6  2077.4  2985.9  3547.9    47.4    39.2    95.2   112.2
   271.7  2076.8  2983.4  3543.7    47.8    53.8    95.7   109.6
   272.8  2094.8  2978.0  3540.9    47.9    67.2    98.3   107.1
   275.7  2101.9  2975.3  3543.6    46.9    80.1    95.7   121.8
   279.8  2099.4  2976.9  3534.7    44.8    51.9    89.1   108.6
   337.1  2044.0  3074.7  3565.1   141.2   127.8   173.3   142.2
   337.5  2041.9  3070.9  3560.6   136.0   132.5   151.4   155.2
   344.3  2041.5  3073.4  3579.1   118.5   119.5   134.2   190.3
   337.3  2040.6  3066.0  3575.9   130.8   140.4   139.0   173.4
   338.8  2039.5  3068.4  3558.2   124.8   133.0   148.6   187.3
   280.2  2050.4  2859.2  3335.0    16.4   119.9   169.5   214.0
   275.3  2046.7  2868.1  3347.2    20.1    92.5   167.8   189.7
   273.7  2046.3  2860.6  3329.0    24.8   111.3   179.5   180.3
   273.1  2033.4  2874.2  3336.3    29.8   106.7   147.8   176.2
   272.7  2046.3  2891.0  3360.8    32.7   103.7   130.7   175.5
   261.8  2055.9  3030.4  3686.5    54.6   181.4    73.4   168.9
   259.1  2055.1  3039.1  3674.6    49.0   125.0    60.0   190.7
   257.3  2051.5  3025.4  3661.1    41.8   122.2    44.8   219.3
   254.9  2018.3  3013.4  3648.9    34.0   153.3    57.0   166.3
   252.3  1990.7  3030.5  3674.7    27.6   118.7    56.1   104.1
   263.6  1995.4  3057.6  3596.9    17.4   181.7   111.7   158.2
   260.9  1988.2  3069.6  3624.4    17.5   243.6   134.7   208.0
   259.8  1988.4  3064.2  3659.3    19.3   395.1   141.3   222.8
   258.5  1995.5  3054.6  3635.0    18.7   299.7   143.3   210.5
   257.9  1991.3  3052.5  3595.4    20.1   275.6   100.2   150.7
   274.1  1939.2  2785.7  3337.7    65.2    98.1   139.7   173.8
   274.5  1951.5  2783.9  3347.2    66.8   120.5   133.2   161.4
   274.4  1964.8  2779.4  3338.7    60.8   118.6   127.0   156.1
   274.6  1950.6  2777.9  3325.0    58.0    98.3   128.7   163.6
   275.4  1934.3  2768.2  3326.3    61.8    83.7   121.5   171.1
   291.5  1923.7  2874.3  3346.5    25.2    49.5    99.9    80.0
   288.7  1923.4  2864.2  3332.6    23.7    86.6   110.0   101.7
   286.0  1919.2  2870.3  3333.2    22.1   142.8   152.4   148.8
   282.1  1930.5  2876.5  3331.2    20.0   100.6   150.0   150.6
   277.5  1928.6  2869.5  3337.4    17.7    71.4   178.5   204.1
   279.2  2070.0  2884.4  3402.2    65.1    61.3   135.6   200.0
   276.4  2059.9  2897.0  3403.8    66.0    60.9   147.5   192.8
   275.0  2071.5  2897.0  3404.0    68.9    63.0   178.8   150.3
   273.3  2094.9  2894.6  3391.0    68.2    56.4   138.5   204.4
   273.2  2092.6  2906.7  3384.9    71.0    54.5    96.3   217.3
   273.8  2123.6  3060.5  3586.2    28.6    79.0   207.5   128.2
   272.9  2145.0  3050.6  3594.8    37.5    73.4   123.0   224.0
   273.0  2135.7  3053.9  3589.6    47.5    82.4   159.9   180.4
   268.3  2146.2  3035.4  3612.1    49.4    66.0   210.2   137.9
   266.9  2153.3  3034.7  3593.2    51.7    74.3   292.1   212.1
   300.9  2124.1  3097.0  3472.8    59.2    52.2   162.9   153.5
   300.9  2108.4  3084.3  3457.6    57.5    47.3   160.5   147.1
   300.1  2108.0  3060.6  3449.2    61.9    43.8   155.1   156.9
   298.2  2112.6  3084.6  3467.5    67.1    44.8   135.6   127.8
   295.9  2104.0  3071.3  3446.2    68.8    53.9   220.9   166.4
   272.6  1996.5  2859.5  3572.7    48.6    55.7   105.7   235.0
   268.7  1975.5  2849.1  3578.8    44.7    41.8    88.7   139.7
   266.6  1966.0  2868.7  3573.1    40.7    49.7   143.2   102.5
   265.1  1957.8  2858.1  3573.7    46.2    52.6   118.2   124.1
   267.1  1974.8  2837.3  3600.4    49.9    63.9    83.5   147.5
   273.4  2155.4  3108.0  3540.9    25.7   134.3   102.6   144.1
   271.6  2179.6  3124.2  3561.1    31.6   126.5   107.3   164.3
   269.1  2184.9  3122.2  3558.8    33.3    85.3   102.1   159.2
   268.8  2182.0  3112.8  3543.9    40.5    94.5    93.8   145.5
   271.4  2186.2  3124.2  3534.8    49.2    94.5    91.3   143.0
   276.2  2056.4  3020.4  3565.4   137.3    28.2   124.3   135.1
   274.8  2058.1  3024.9  3561.5   135.6    30.1   118.2   143.8
   278.8  2057.9  3019.2  3539.5   140.3    29.3   123.4   152.4
   278.8  2055.3  3019.2  3530.1   141.7    31.0   136.9   172.5
   284.1  2052.1  3013.1  3537.2   147.9    30.1   155.0   174.4
   290.5  2065.0  2885.5  3343.8    31.8    85.2   150.0   101.4
   295.2  2065.0  2873.2  3343.6    36.4    41.9   163.1   125.4
   295.9  2064.8  2891.1  3364.7    31.1    29.1   187.8   122.2
   296.0  2059.3  2894.7  3363.6    28.2    30.8   189.7   109.6
   298.2  2058.5  2871.3  3359.6    33.0    51.0   192.9   131.7
   282.7  2054.1  3038.7  3523.6    58.0    57.3   188.6   192.8
   282.8  2066.8  3026.7  3477.6    61.9    44.9   146.3   242.9
   282.3  2067.7  3036.4  3446.0    66.2    31.7   108.8   211.6
   284.9  2049.5  3011.3  3479.3    70.7    31.9    76.8   149.5
   284.1  2054.1  3007.9  3449.9    72.1    48.9   111.6   157.1
   282.2  2062.9  2919.5  3580.3   101.7   294.6   267.1   102.2
   286.2  2065.9  2944.7  3607.7    91.4   210.9   250.3    96.9
   283.5  2050.0  2950.8  3601.4   104.1   193.2   270.2    95.0
   278.8  2043.1  2975.4  3597.5    89.9   220.6   268.6   125.0
   274.1  2057.6  2925.7  3615.9    74.1   205.2   242.0   116.8
   256.2  2062.9  3070.6  3414.6    26.8    63.4    98.9   149.7
   253.9  2054.0  3071.5  3399.5    24.6    85.9   116.3   159.1
   252.6  2060.0  3069.3  3411.9    24.6   141.5   121.8   157.4
   251.5  2064.8  3056.9  3405.7    25.9   146.1   131.5   178.5
   251.3  2071.1  3051.1  3418.5    27.7    94.9   116.5   155.9
   283.7  2094.5  2875.5  3330.2    79.7   114.9   121.3   117.4
   283.2  2113.8  2892.3  3317.0    89.2   143.8   142.0   134.3
   281.9  2106.6  2898.7  3316.1   107.2   149.4   145.3   123.3
   280.2  2106.1  2886.0  3317.6   109.3   132.9   141.3   116.6
   279.8  2086.7  2876.7  3323.4   102.4   104.2   131.6   116.4
   277.0  2085.8  2865.2  3337.2    30.7   205.9   141.4    78.0
   277.5  2078.3  2862.5  3343.3    30.6   155.2    97.3    57.8
   276.0  2076.0  2874.5  3362.4    25.8   199.9   116.3    73.0
   274.5  2103.6  2877.0  3350.7    26.8   257.3   134.6    77.1
   274.0  2101.1  2877.4  3331.5    28.2   199.6   150.6    78.5
   280.6  1999.2  2843.2  3317.2    53.4    74.4   196.3   163.7
   275.0  1994.1  2832.2  3286.0    53.5    59.8   172.5   162.4
   273.8  1993.1  2840.6  3297.6    49.4    58.9   190.8   183.2
   270.3  2005.2  2820.7  3271.0    51.4    68.4   198.8   196.5
   268.7  1997.6  2863.0  3312.1    48.6    90.4   219.6   228.2
   469.9  1875.3  2479.4  3075.6    62.8    74.1   125.8   139.4
   474.0  1879.7  2479.1  3083.6    62.8    66.9   126.6   116.7
   477.0  1884.8  2481.1  3086.3    63.1    63.0   134.1   105.8
   478.7  1887.5  2482.9  3091.8    63.3    60.7   138.4   104.1
   479.2  1893.2  2479.1  3100.7    64.5    67.2   141.4    99.9
   454.8  1866.3  2395.2  3161.3    52.2   105.1   217.8   123.9
   452.7  1850.5  2399.2  3169.1    54.5    92.1   221.8   128.6
   451.1  1848.1  2398.9  3175.5    55.4    85.1   206.8   114.2
   451.9  1853.4  2390.9  3172.7    53.6    90.6   200.0   107.9
   454.1  1860.6  2387.5  3163.7    52.0    98.2   197.2   109.4
   475.7  1943.4  2559.9  3193.7    27.8    47.8   316.5   406.7
   475.4  1930.9  2555.5  3204.9    25.9    41.6   299.7   381.4
   475.3  1926.0  2561.2  3227.3    25.0    39.5   290.7   417.7
   476.1  1921.0  2551.3  3205.9    24.6    43.2   292.4   470.2
   476.7  1915.8  2550.2  3178.1    23.7    44.2   298.1   452.7
   496.2  1849.1  2474.0  3192.2    33.7    91.8   184.8   193.2
   497.0  1858.6  2474.2  3187.8    36.6   104.3   185.0   188.4
   496.6  1861.1  2478.3  3189.9    36.8   105.7   185.3   178.2
   497.1  1858.4  2476.4  3188.1    35.9   104.1   193.8   187.0
   496.1  1854.3  2475.9  3181.4    34.2    94.4   173.2   178.6
   474.6  1866.5  2459.2  3176.8    23.5   135.7   161.3   151.5
   474.3  1868.7  2455.7  3176.2    22.0   136.2   166.8   158.8
   473.7  1872.7  2451.0  3169.9    20.7   135.8   158.7   165.3
   472.9  1873.8  2446.1  3164.3    19.2   126.2   145.3   153.3
   472.9  1874.4  2444.7  3164.7    18.1   119.6   142.4   157.2
   478.4  1860.2  2512.7  3323.8    56.5    42.2   208.9   307.7
   480.4  1860.9  2496.8  3272.1    54.2    42.3   227.3   300.8
   481.4  1863.9  2502.8  3263.4    54.6    40.7   223.9   293.4
   482.2  1868.7  2519.1  3291.3    57.1    40.8   234.5   302.7
   482.8  1873.0  2522.7  3316.6    59.5    41.7   218.7   337.4
   453.4  1777.8  2391.0  3210.9    16.3    84.5    99.4    75.0
   450.5  1781.7  2400.4  3215.7    17.5    66.3    88.9    67.8
   448.2  1786.9  2404.7  3214.7    19.1    48.2    88.7    65.6
   445.8  1776.9  2392.0  3201.9    21.1    42.9    88.0    77.0
   443.8  1775.7  2388.8  3190.8    23.0    42.5    80.9    93.1
   468.1  1902.6  2446.8  3238.9    15.4    36.7   152.4   157.4
   468.3  1898.0  2438.4  3220.6    14.2    34.0   158.5   185.3
   467.7  1896.4  2429.3  3205.8    13.5    32.5   149.4   217.7
   467.8  1893.0  2447.7  3217.6    13.5    30.3   130.8   227.9
   467.5  1893.8  2445.4  3224.8    13.2    32.7   130.1   193.1
   487.9  1875.3  2333.4  3349.0    29.3   112.0   333.3   251.3
   489.5  1877.1  2343.2  3353.2    28.6    95.6   339.1   288.5
   489.2  1881.0  2361.9  3393.4    27.6    94.3   392.4   284.7
   490.8  1877.2  2366.3  3396.1    28.9    81.7   315.0   231.3
   493.5  1873.8  2367.6  3381.0    31.1    65.8   205.1   130.5
   496.2  1892.1  2446.4  3240.5    53.7    36.1   204.1   226.9
   496.6  1889.0  2449.2  3247.8    50.7    33.6   195.2   174.7
   496.4  1885.5  2459.9  3252.3    49.1    33.2   192.7   161.6
   495.8  1882.6  2460.2  3235.7    47.1    33.6   180.1   158.7
   495.4  1877.7  2464.1  3222.5    43.6    32.7   170.2   213.7
   431.6  1878.2  2468.4  3261.4    48.0   100.4   411.9   152.3
   433.0  1878.3  2449.7  3245.0    49.1   103.3   435.6   144.8
   434.1  1876.5  2422.5  3235.4    49.8   104.9   402.9   145.0
   435.0  1883.0  2448.8  3253.2    50.7    94.3   361.7   153.4
   431.0  1891.2  2508.6  3287.2    57.0    77.8   406.4   147.5
   477.8  1887.8  2406.1  3270.0    17.5    48.7   171.4   161.7
   477.5  1888.1  2407.4  3247.2    17.0    45.8   160.0   147.6
   477.2  1888.4  2401.1  3240.5    16.2    42.2   154.3   154.0
   476.3  1889.1  2397.0  3243.4    15.6    39.9   163.6   183.4
   475.2  1888.8  2390.8  3235.5    14.8    36.1   183.8   177.9
   474.4  1839.0  2462.9  3342.4    11.5   149.4   128.4   203.7
   473.2  1844.8  2471.6  3341.3    11.6   129.8   111.2   222.8
   472.0  1851.9  2475.2  3337.5    11.9   121.6   108.1   283.8
   470.5  1855.9  2472.8  3316.4    12.3   106.9    97.8   361.7
   468.8  1854.3  2472.0  3311.0    13.1    94.2    88.9   340.1
   454.6  1955.0  2509.4  3327.3    11.0   124.7   298.8   142.7
   453.3  1953.1  2502.9  3326.8    10.6   124.1   342.5   156.3
   452.4  1952.3  2511.9  3346.5    10.4   125.1   361.3   170.8
   451.3  1953.2  2521.7  3354.1    10.1   114.8   334.9   179.0
   449.9  1944.8  2526.8  3354.9     9.8   103.8   311.6   192.9
   493.9  1967.2  2599.3  3432.8    23.1   136.8   248.6   206.2
   493.8  1975.0  2583.2  3425.4    23.3   150.3   270.5   242.2
   493.2  1977.6  2584.0  3424.0    23.0   156.2   265.6   267.4
   492.7  1972.2  2586.4  3410.4    22.7   159.2   237.8   231.0
   492.4  1977.2  2600.5  3416.5    24.0   138.5   251.0   196.5
   473.2  1934.4  2544.7  3283.7    27.4   176.3   191.1   195.6
   472.7  1932.0  2550.6  3282.9    26.8   179.1   197.0   200.1
   472.3  1930.8  2553.5  3282.8    27.8   173.9   187.5   189.8
   471.4  1930.5  2550.1  3298.9    27.6   180.4   203.6   189.6
   470.6  1933.3  2549.8  3304.9    27.4   171.3   196.7   184.5
   462.9  1784.1  2412.3  3241.9    74.7    89.1    68.6   256.1
   465.1  1794.1  2409.0  3244.6    75.9   100.0    67.0   236.4
   466.0  1782.6  2412.8  3260.1    77.3    87.1    64.2   216.5
   468.2  1790.2  2421.9  3277.4    79.5    87.9    75.2   228.5
   471.5  1813.6  2425.7  3273.7    81.0   103.1    69.9   205.6
   479.0  1756.0  2396.4  3300.4    14.6    59.4    60.7   179.9
   477.4  1743.2  2392.1  3300.5    14.2    58.4    66.0   123.3
   475.9  1740.3  2385.2  3298.8    13.9    49.5    74.5   117.5
   474.0  1730.4  2384.0  3301.6    13.7    49.2    86.3   144.8
   473.1  1732.5  2374.0  3291.0    13.7    45.4   101.0   154.7
   458.7  1769.9  2431.5  3316.1    30.8   142.2   201.9   165.7
   457.6  1762.7  2428.7  3324.4    31.6   153.4   163.9   193.1
   455.9  1767.3  2417.7  3314.1    33.5   156.3   167.6   235.5
   454.5  1776.8  2410.1  3302.1    34.7   145.4   185.4   214.3
   453.9  1772.8  2406.1  3317.2    35.9   134.0   194.9   159.1
   485.4  1885.8  2533.0  3324.2    52.4    37.5   154.7   439.9
   487.0  1878.0  2521.9  3315.8    48.8    35.4   138.7   440.3
   488.4  1871.5  2515.2  3301.7    44.8    39.0   139.0   548.0
   488.6  1871.5  2509.8  3338.3    43.7    43.3   141.9   462.6
   488.5  1869.7  2500.1  3321.4    41.2    51.0   155.0   446.0
   458.3  1860.9  2595.3  3394.4    12.4   120.7   579.6   146.8
   457.6  1864.3  2587.5  3389.6    12.6   127.0   513.8   117.6
   456.6  1868.6  2572.9  3407.8    11.9   154.1   668.8   144.7
   456.0  1876.7  2579.0  3430.5    11.5   164.8   771.3   157.7
   455.6  1886.4  2602.4  3400.2    11.5   166.5   688.9   155.6
   473.6  1596.0  2350.0  3225.0    21.3    79.4    97.2   112.1
   472.7  1603.3  2332.9  3202.7    19.1    99.6   102.5   127.1
   471.9  1605.6  2329.4  3210.2    17.2    84.6   109.7   121.2
   471.7  1602.8  2326.7  3207.5    16.1    64.3   121.3   103.8
   471.1  1599.3  2332.1  3214.7    15.2    48.6   119.4    95.0
   669.1  1241.3  2735.8  3355.6   108.8   126.0   229.1   180.1
   665.5  1238.9  2747.4  3389.1   102.8   111.9   213.0   217.0
   669.0  1239.8  2748.5  3410.1   103.9   102.8   215.5   179.3
   668.5  1238.3  2740.8  3414.8   101.7    92.1   223.6   176.4
   669.4  1233.8  2753.5  3410.8   102.8   100.7   233.8   178.1
   767.4  1220.7  2705.4  3250.9   190.7   109.0   171.3   215.7
   770.4  1219.7  2717.6  3247.6   200.0   104.4   162.9   218.2
   757.6  1213.7  2714.6  3235.1   161.4    78.4   180.9   232.7
   762.8  1214.0  2731.3  3259.0   153.7    79.6   205.2   301.0
   764.1  1215.1  2694.4  3249.0   152.1    87.9   245.2   324.4
   810.1  1251.4  2780.6  3280.5    95.8    55.0   168.6   230.0
   819.0  1259.2  2791.3  3276.6    93.6    76.4   180.7   192.1
   843.5  1249.8  2801.4  3305.6    99.5   124.6   162.1   168.8
   846.3  1210.6  2822.8  3346.9   127.6   184.9   154.4   183.1
   819.3  1202.4  2835.6  3360.4   167.2   197.2   181.5   222.7
   723.6  1218.3  2755.8  3306.3   114.8    52.4   153.8   190.4
   723.3  1215.2  2761.5  3282.1   112.4    47.2   155.6   221.0
   726.1  1213.7  2762.6  3278.8   101.3    34.3   167.9   179.9
   718.5  1208.9  2779.7  3285.7   114.1    38.9   175.2   145.1
   708.5  1207.4  2760.1  3305.8   124.0    52.8   199.8   172.7
   720.7  1222.2  2858.5  3398.5   203.1   109.6   178.4   151.4
   747.6  1192.3  2892.4  3400.2   239.5   169.5   203.1   176.2
   760.4  1188.6  2872.4  3369.7   209.6   222.7   172.1   152.8
   770.1  1185.6  2867.0  3377.4   179.7   284.0   156.6   170.0
   762.6  1171.7  2886.2  3409.2   135.2   282.1   153.6   213.1
   797.3  1158.6  2768.1  3338.8   140.4    74.4   195.2   330.6
   792.5  1157.4  2784.0  3357.9   126.0    61.2   163.9   263.6
   793.8  1163.1  2796.2  3354.9   144.7    70.2   144.4   202.8
   803.7  1159.0  2809.1  3355.9   135.4    72.6   154.0   181.6
   807.3  1149.2  2799.4  3347.1   142.9    96.6   267.7   226.2
   870.4  1245.4  2798.5  3466.9   123.7   161.7   195.6   439.7
   878.4  1254.2  2803.7  3439.7    90.6   130.7   178.4   365.8
   879.7  1261.1  2805.3  3433.6    77.3   117.6   188.2   372.5
   882.3  1262.4  2819.5  3417.2    72.7   109.6   194.6   424.2
   887.5  1258.8  2836.6  3469.0    83.3   104.2   244.2   434.0
   800.5  1251.6  2826.2  3257.3   132.0    83.8   142.3   145.0
   794.8  1237.9  2808.6  3235.3   126.7    81.2   133.7   133.5
   791.3  1227.7  2803.8  3230.2   130.3    87.6   122.2   151.9
   793.8  1220.3  2797.3  3219.9   153.5   103.7   108.9   135.3
   789.4  1209.4  2800.7  3223.5   161.5   105.5   122.0   150.8
   685.3  1250.7  2829.9  3267.7   112.0    19.5   546.0   382.1
   687.4  1250.4  2821.3  3292.5   108.1    17.6   524.7   336.4
   688.1  1250.1  2831.9  3313.3   107.3    17.1   471.3   281.9
   689.2  1248.7  2826.2  3306.8   107.1    17.0   458.5   281.7
   685.3  1246.6  2787.0  3296.0   114.5    19.9   477.9   316.9
   722.9  1192.5  2775.5  3288.9   158.1   108.0   319.9   189.3
   720.4  1189.4  2788.3  3297.6   177.2   127.5   258.6   168.9
   726.1  1190.6  2780.3  3309.1   179.7   136.7   267.2   177.7
   735.5  1189.3  2773.1  3306.5   187.2   148.1   263.9   158.1
   740.9  1188.5  2781.3  3296.9   186.5   146.6   265.0   140.8
   703.5  1258.1  2745.0  3335.7    81.8    73.4   131.4   133.5
   714.2  1252.5  2756.8  3299.9    85.8    73.3   130.1   134.4
   719.6  1246.6  2773.2  3332.6    89.1    69.1   146.2   126.8
   715.6  1240.8  2788.2  3361.2    95.4    85.5   196.6   130.7
   715.8  1232.7  2817.9  3329.5    98.0   135.6   180.0   128.0
   838.8  1210.7  2883.3  3327.1   108.9    74.6   115.4   475.4
   848.8  1211.3  2884.7  3394.7   123.0    55.7    95.8   527.0
   848.0  1197.4  2887.5  3427.3   115.4    54.1    81.9   565.1
   855.1  1204.3  2882.4  3438.0   128.3    59.6    93.4   649.0
   855.1  1208.8  2874.0  3365.5   105.5    55.8   107.6   697.3
   803.5  1213.3  2893.0  3484.7   132.5    40.6   153.0   162.3
   814.6  1209.5  2878.4  3495.4   139.8    34.4   136.1   152.5
   816.3  1207.3  2873.9  3534.4   140.3    35.0   141.0   144.7
   812.4  1207.0  2895.6  3564.7   144.5    40.0   175.4   148.7
   811.2  1214.9  2892.4  3549.8   152.7    50.8   210.9   172.3
   834.0  1217.5  2819.6  3528.6   298.2    98.7   157.0   380.6
   840.5  1223.3  2807.3  3551.1   284.0    76.8   137.3   334.7
   853.1  1223.6  2813.7  3532.8   282.0    88.4   123.1   310.8
   834.8  1211.7  2826.4  3541.4   294.3    96.6   124.7   326.9
   819.0  1207.0  2815.9  3540.1   259.7    69.3   136.4   348.1
   774.0  1225.6  2875.0  3476.0   156.6    39.3   146.0   504.2
   765.9  1225.1  2867.2  3464.5   154.9    43.3   152.4   595.6
   758.8  1223.3  2869.0  3494.8   150.9    50.5   149.8   694.1
   753.2  1221.4  2876.7  3510.0   148.8    60.9   155.3   611.0
   745.8  1220.7  2880.4  3470.1   148.7    72.8   181.4   528.6
   758.8  1236.2  2874.7  3266.0   173.7    49.1   409.5   229.8
   769.2  1229.7  2894.8  3298.9   208.1    42.4   348.6   188.9
   795.8  1227.8  2879.9  3300.6   215.3    42.4   306.7   161.2
   820.3  1233.4  2866.5  3284.9   187.3    49.0   299.7   188.4
   819.1  1244.6  2845.8  3266.5   170.9    62.1   334.7   231.9
   809.6  1248.6  2808.5  3273.9    93.7    68.4   280.7   209.1
   815.4  1248.7  2823.5  3279.9   112.9    66.0   252.8   180.7
   804.4  1243.3  2822.2  3278.0   103.0    65.8   229.0   175.3
   803.9  1241.4  2815.3  3275.0    92.8    80.5   209.6   196.5
   805.8  1241.8  2826.2  3268.0   102.7    81.3   192.0   178.3
   716.6  1240.1  2757.1  3392.9   138.6   106.2   212.7   174.1
   710.3  1234.0  2757.9  3389.3   140.3    98.8   230.6   173.2
   706.0  1226.4  2753.4  3394.7   138.3    97.3   221.0   165.3
   707.9  1224.1  2753.8  3405.2   134.5    99.1   213.2   160.0
   706.4  1217.8  2740.7  3408.1   126.4   104.4   238.1   171.1
   717.7  1210.5  2772.9  3323.4    90.5   130.2   194.7   242.5
   719.9  1212.0  2781.0  3317.5   108.8   133.1   173.3   276.4
   740.7  1225.0  2783.1  3306.6   196.2   149.0   142.3   250.5
   740.8  1227.7  2780.5  3311.7   246.2   148.0   144.4   264.3
   745.4  1244.6  2771.0  3342.1   188.6   161.3   191.0   350.2
   713.7  1183.3  2750.1  3466.2   239.9    90.4   257.3   268.2
   696.0  1166.2  2783.8  3451.6   235.8    92.6   271.1   255.8
   671.6  1145.9  2833.6  3462.4   201.9    75.9   325.2   263.3
   663.0  1141.3  2834.3  3443.8   162.2    54.9   410.9   268.7
   664.8  1143.7  2754.6  3410.7   137.9    42.0   379.2   216.8
   671.0  1211.9  2780.4  3426.1   135.5    73.2   229.2   148.4
   679.3  1203.3  2753.0  3424.4   164.6    67.2   233.6   191.1
   696.2  1190.5  2753.2  3457.7   188.5    79.4   257.3   199.0
   713.6  1197.3  2774.9  3452.1   204.9    99.6   237.4   178.4
   704.3  1211.4  2767.3  3443.5   188.3    77.9   233.8   169.2
   754.6  1166.4  2853.1  3328.3   166.5    43.0   278.3   407.7
   776.7  1164.3  2828.5  3285.4   178.3    55.3   271.0   488.0
   772.7  1164.5  2836.4  3285.2   149.9    42.3   223.0   446.4
   779.2  1158.1  2844.2  3310.6   164.0    43.1   183.8   434.0
   757.9  1162.1  2847.8  3329.2   137.7    55.1   130.2   333.9
   455.4   801.3  2444.9  2953.3    39.8   262.5    73.2    87.2
   453.9   789.8  2447.0  2952.9    40.8   258.2    73.3    76.1
   453.0   789.0  2448.5  2949.8    38.3   228.3    73.3    71.7
   451.6   782.6  2448.7  2953.1    37.0   217.2    83.5    72.7
   450.4   780.0  2449.0  2961.5    36.4   214.3    97.1    90.7
   433.8   764.5  2549.0  3074.2    24.5   123.5   179.1    45.0
   433.5   763.2  2557.0  3071.9    23.8   125.5   195.7    46.7
   433.6   763.7  2555.2  3070.3    24.0   123.5   192.0    50.0
   433.3   765.4  2547.3  3069.7    24.3   125.9   180.2    49.8
   432.9   766.5  2556.2  3067.1    24.1   130.0   169.7    48.8
   450.4   814.4  2496.5  3021.5    59.7    64.3   163.8    70.9
   452.3   815.2  2499.4  3019.4    58.8    63.1   158.7    70.6
   452.3   813.9  2500.6  3012.8    57.3    65.4   148.8    77.9
   452.4   813.2  2488.9  3019.6    56.1    66.6   139.5    58.7
   454.3   814.8  2492.6  3006.0    55.9    67.0   149.6    71.2
   450.5   791.5  2493.7  2980.2    41.5   125.7   106.9    44.4
   451.1   793.8  2490.1  2969.2    39.4   112.2   110.9    32.5
   450.2   794.1  2480.6  2961.0    38.2   106.4   118.8    30.7
   450.2   794.2  2475.3  2955.1    36.4    93.4   120.4    26.5
   450.0   795.1  2464.1  2949.4    36.0    87.9   142.4    31.1
   451.7   802.2  2448.1  2899.4    42.5   222.0   110.2   213.7
   451.2   798.7  2449.8  2901.3    41.4   220.2   105.7   204.6
   450.7   800.8  2445.2  2895.3    39.5   202.8   100.2   226.4
   449.9   797.2  2450.3  2878.0    37.5   179.0    98.5   272.3
   449.7   798.9  2442.8  2892.2    36.8   170.2    96.8   249.3
   406.6   805.1  2360.0  2947.5    37.6    86.7   157.2    89.4
   406.4   803.1  2355.3  2955.3    38.1    87.9   148.5    75.2
   405.8   801.6  2350.3  2963.8    37.7    90.0   134.8    66.9
   406.7   803.9  2347.4  2954.4    39.3    92.9   163.0    76.6
   407.4   804.4  2347.5  2945.0    40.8    96.5   216.7    85.2
   461.5   862.3  2544.9  2961.4    34.9   235.2   135.5    87.2
   461.2   854.2  2544.3  2961.7    36.3   231.8   140.5    93.7
   460.7   852.6  2545.7  2958.7    35.3   217.5   148.5   101.5
   459.9   857.1  2555.2  2971.0    34.5   224.3   153.2    96.6
   458.3   866.6  2552.6  2983.4    33.6   232.6   132.4    95.7
   466.4   836.3  2569.6  3028.9    30.7   104.3    97.7    87.9
   465.3   832.3  2569.7  3016.9    30.6   105.1   100.1    90.8
   465.0   830.7  2573.6  3016.9    30.1   100.2   103.9    97.4
   464.0   828.2  2582.6  3024.6    29.9   101.8   110.3   115.5
   463.5   826.4  2589.3  3023.3    29.4    95.3   112.1   128.7
   438.9   873.2  2385.2  2929.8    24.6    75.4    88.6    82.9
   437.3   871.1  2390.7  2921.0    25.8    77.1    96.7    86.7
   436.5   870.2  2395.2  2916.2    26.8    82.4   101.2   127.6
   435.5   869.9  2397.1  2912.0    27.9    85.9   101.7   135.1
   434.6   868.4  2399.7  2911.8    28.7    85.9    96.4   118.8
   447.9   790.9  2594.4  3039.3    30.7   119.6   168.0   176.0
   447.5   789.6  2589.8  3044.9    29.5   125.8   152.0   143.4
   447.9   791.5  2592.2  3040.9    29.1   120.1   163.0   146.4
   447.4   791.9  2575.8  3054.2    28.5   121.6   152.7   113.2
   446.5   794.0  2568.3  3051.5    27.3   128.8   119.4    83.2
   454.2   792.7  2636.6  3104.7    32.3    90.2   122.0    83.6
   453.6   790.3  2639.4  3109.9    31.5    90.1   109.3    97.8
   452.9   786.5  2644.2  3099.6    30.1    83.4   101.1    97.6
   452.7   786.7  2646.2  3099.5    30.3    79.5    95.3   100.4
   452.3   785.9  2633.1  3102.2    29.9    77.1    82.4   121.1
   456.9   797.2  2515.8  2959.1    29.4    61.6    47.1    41.8
   456.0   794.8  2512.0  2963.2    28.9    60.2    38.2    39.7
   456.3   794.4  2511.5  2966.1    29.1    57.7    37.2    48.3
   456.2   794.8  2509.2  2968.7    30.3    58.8    42.5    62.9
   454.7   791.9  2521.8  2978.1    29.1    56.2    41.5    46.8
   451.9   801.3  2502.4  2971.5    44.8   121.9    67.5   131.8
   450.8   799.1  2488.4  2973.5    39.5   105.1    66.4    86.5
   448.5   794.4  2503.3  2949.3    34.0   100.6    78.9    91.6
   445.2   790.4  2500.9  2969.8    30.6   100.9    84.8   135.2
   441.2   789.2  2485.0  2977.8    28.6   112.4    69.9   111.4
   423.3   858.0  2394.8  2907.3    26.5    62.5    84.5   107.5
   423.5   858.7  2390.7  2907.9    28.0    68.8    83.7    98.9
   421.9   851.5  2386.6  2923.7    28.0    69.1    84.0    96.1
   421.1   848.8  2392.5  2913.2    28.8    72.1    84.2   102.1
   420.8   845.8  2398.3  2899.9    29.4    75.2    91.3   116.4
   458.3   768.6  2496.2  3017.8    78.0   347.8    63.9    42.8
   458.1   761.3  2496.6  3007.6    75.3   358.1    76.7    48.1
   458.6   764.5  2498.9  2995.3    71.7   358.5    95.5    60.6
   456.8   754.3  2505.2  2990.3    71.3   355.7   106.7    76.3
   455.6   752.9  2514.0  2983.9    69.1   346.7   106.9    91.3
   471.9   837.4  2596.9  3019.5    28.5   117.3   169.7    75.5
   470.6   842.2  2594.7  3012.8    26.7   125.8   180.2    67.5
   468.9   843.3  2596.1  3015.3    24.8   140.6   167.1    50.7
   467.5   845.7  2597.2  3003.7    23.4   144.2   167.6    53.4
   467.1   857.4  2612.5  3003.0    23.3   153.5   160.6    48.5
   471.1   856.1  2423.8  2969.4    36.7   126.0    42.6   165.2
   471.2   860.0  2417.1  2956.7    35.1   126.6    51.6   162.4
   470.1   865.1  2414.6  2970.9    32.9   139.8    59.3   152.7
   469.6   867.2  2413.8  2981.8    30.5   142.2    65.1   155.3
   467.7   865.0  2425.7  2970.8    28.6   158.8    72.4   139.2
   459.2   800.4  2536.9  3015.7    31.0    53.8    83.4    44.1
   460.2   804.5  2537.5  3029.3    31.2    48.4    76.9    73.8
   461.2   805.7  2531.0  3014.5    31.9    50.6    89.6    64.6
   459.5   803.2  2526.3  3030.5    32.4    53.6    89.4    78.7
   459.4   804.4  2529.7  3032.3    31.6    54.4   104.5    80.6
   443.4   774.7  2524.6  2977.0    38.6    94.9   129.5    71.0
   441.8   771.7  2540.8  2987.0    37.6    85.2   152.2    52.6
   441.6   771.5  2538.4  2979.7    36.8    81.5   168.7    82.4
   441.3   771.6  2514.8  2966.9    36.8    82.2   156.6   149.5
   441.1   771.8  2517.3  2959.5    37.0    77.3   147.2   113.4
   461.6   811.8  2409.1  2904.3    38.2    57.7   117.4    71.6
   462.0   811.3  2411.0  2900.4    37.1    57.0   110.8    59.0
   462.8   811.1  2409.0  2897.7    36.2    56.3   111.7    55.1
   463.0   809.6  2407.3  2893.5    34.9    55.4   114.8    46.6
   462.5   808.1  2403.4  2886.7    34.0    56.0   129.3    41.5
   467.4   888.5  2527.2  3027.2    26.7   146.5    31.6   122.9
   466.6   886.3  2522.6  3030.0    25.5   142.2    28.7   116.1
   466.4   885.5  2523.6  3027.8    25.0   141.4    25.8   124.9
   466.0   882.5  2526.4  3027.0    24.9   137.6    23.6   143.7
   464.9   885.5  2518.5  3028.2    23.6   130.2    22.6   114.4
   455.7   822.6  2610.7  3074.6    53.1    89.0    87.2   107.8
   457.9   822.7  2602.2  3082.7    50.2    84.4    70.9   100.3
   458.6   820.2  2597.6  3085.8    46.4    77.8    61.9    81.2
   460.1   819.2  2593.4  3082.6    43.3    71.1    58.1    70.1
   462.3   820.1  2592.4  3077.9    41.1    66.7    60.2    65.0
   340.4  1349.5  2339.4  3426.0    62.0   146.0    71.2    41.3
   340.6  1351.5  2345.3  3409.1    65.1   168.7    82.7    55.6
   340.6  1340.1  2342.9  3387.5    61.1   157.5    98.9    54.5
   341.0  1349.6  2352.5  3396.0    63.8   159.5   109.0    53.9
   341.4  1364.0  2347.9  3386.0    62.4   185.8   111.0    43.4
   349.6  1421.6  2076.9  3165.5    27.0   123.8    84.4    82.4
   349.4  1415.0  2074.0  3165.0    27.9   120.9    85.2    72.3
   349.6  1408.8  2071.6  3169.0    28.9   109.4    85.5    53.9
   349.4  1406.3  2076.2  3161.9    30.1   106.9    73.8    50.3
   349.0  1404.7  2082.1  3156.6    30.5   120.1    70.8    45.3
   325.5  1433.8  2218.3  3183.2    19.3    72.4    72.3    99.6
   325.4  1432.2  2213.6  3188.2    21.6    63.7    59.6   113.9
   324.5  1432.3  2212.5  3167.3    22.2    75.9    60.1    79.1
   324.8  1421.8  2202.0  3181.0    23.0    88.2    57.2    85.6
   325.0  1414.4  2195.2  3192.0    23.8   102.6    55.1    92.6
   339.4  1358.7  2037.4  3112.9    24.5   128.2    97.0   123.4
   339.9  1351.8  2039.7  3119.6    23.7   107.2   103.3   126.6
   340.2  1349.9  2044.4  3116.0    23.6    95.1   105.8   139.2
   340.3  1347.9  2046.1  3119.1    23.7    92.1   101.9   140.0
   340.1  1344.1  2052.8  3119.5    24.1    92.1   106.0   132.1
   342.3  1383.9  2257.4  3131.4    56.2    70.6   120.8    56.4
   341.0  1388.5  2230.6  3133.3    59.5    60.6   198.8    54.8
   336.5  1393.3  2237.8  3138.3    57.7    54.4   224.0    73.7
   335.3  1397.9  2253.8  3134.2    56.8    48.8   185.2    82.2
   334.1  1401.1  2256.6  3128.0    58.6    44.0   163.4    68.4
   373.2  1392.1  2309.4  3275.6    32.0    29.4   109.4   150.3
   370.1  1387.2  2307.4  3283.2    32.1    26.5   109.6   125.1
   367.9  1383.2  2299.5  3290.6    34.0    24.8   107.9   116.4
   365.4  1379.9  2293.1  3288.8    34.9    28.0   107.4    97.4
   363.3  1377.5  2282.2  3268.1    34.5    37.6   104.6    83.1
   337.6  1351.5  2005.4  3005.5    16.6   142.6    27.8    27.3
   337.0  1348.0  2002.3  3001.9    17.2   125.3    27.6    24.3
   336.5  1343.3  1996.5  2996.7    18.2   115.9    31.0    23.6
   336.1  1336.4  1995.3  2990.5    18.7   115.8    33.8    25.2
   335.9  1329.5  1986.9  2989.6    19.8   124.3    37.1    30.4
   331.3  1325.5  2074.5  3057.8    19.7   104.0   149.8    54.8
   331.1  1331.0  2081.2  3047.1    22.9   117.4   173.2    41.6
   331.5  1347.8  2057.1  3039.9    25.9   170.3   185.3    43.2
   333.1  1350.8  2047.7  3036.8    31.0   133.0   137.5    60.7
   336.5  1344.9  2045.5  3025.7    40.2   115.7    82.2   101.4
   358.0  1115.4  2148.9  3180.4    36.4    86.6    39.1    50.8
   360.6  1116.5  2151.3  3185.2    31.2    35.0    36.7    43.2
   362.5  1114.8  2134.7  3183.5    27.1    37.8    35.5    60.2
   362.7  1123.6  2141.1  3178.1    29.4    48.2    46.7   103.3
   363.6  1131.6  2164.3  3169.2    30.6    40.4    48.6   102.8
   347.4  1131.8  2110.7  3078.1    39.3    75.9   204.4   157.2
   345.2  1125.7  2158.5  3107.8    36.7    80.9   246.4   114.6
   343.8  1124.2  2175.1  3102.9    35.6    85.1   238.5    88.9
   343.3  1119.7  2162.2  3086.1    34.2    91.3   214.7    66.1
   343.3  1119.5  2152.1  3079.1    34.0    86.1   206.7    61.9
   340.3  1268.5  2055.0  3112.8    25.6    97.6   180.7    73.8
   339.6  1261.3  2054.3  3109.5    23.0    90.2   161.5    80.1
   338.5  1257.0  2060.2  3111.3    21.5    84.8   146.1    76.4
   337.5  1257.2  2059.8  3116.9    20.8    99.9   130.4    62.8
   336.1  1266.4  2049.2  3110.9    19.4   137.7   106.9    44.0
   329.7  1424.5  2096.4  3117.7    25.8    81.6    87.2    97.2
   328.9  1424.7  2095.7  3127.9    27.5    76.6    71.1   107.7
   329.2  1429.5  2091.5  3128.2    29.8    68.7    56.3   105.8
   329.8  1430.9  2088.1  3127.2    31.5    62.3    52.5   112.6
   329.9  1429.7  2081.6  3139.4    32.8    56.2    51.8   104.0
   350.5  1390.8  2092.5  3136.7    49.2   207.8   138.6    81.0
   351.4  1392.2  2086.1  3141.2    50.3   214.3   143.6    82.7
   353.2  1386.7  2078.6  3152.9    52.8   202.8   118.3    63.1
   355.7  1384.1  2075.8  3159.8    55.8   216.1    98.1    50.4
   357.3  1383.2  2074.9  3156.6    57.2   272.2    92.0    44.7
   354.5  1311.2  2308.3  3349.0    57.7    25.9    71.3   122.8
   352.7  1305.1  2298.4  3339.5    54.2    48.3    51.3   105.1
   352.5  1313.1  2294.7  3353.6    49.8    82.8    58.0   135.9
   352.2  1327.5  2299.0  3342.6    39.2    58.0    38.1   189.1
   345.1  1339.6  2298.7  3367.0    34.7    41.9    38.2   191.4
   357.9  1428.9  2155.4  3174.0    56.2   300.2    76.5    95.6
   361.7  1437.5  2180.2  3179.7    61.9   213.2    92.7    75.9
   366.1  1439.0  2183.8  3173.3    67.6   167.9   101.9    78.5
   367.0  1446.6  2160.4  3163.2    68.9   179.3   118.4    88.5
   363.4  1443.1  2135.9  3185.0    65.9   203.7    87.9    56.9
   337.1  1273.5  2055.3  3077.8    20.8   153.7    53.1    86.6
   336.5  1272.7  2055.2  3076.4    19.9   151.7    55.6    92.7
   335.9  1276.0  2053.4  3075.2    18.9   156.7    60.8   116.6
   335.9  1274.3  2056.3  3073.4    18.1   162.6    64.5   116.5
   336.0  1263.1  2052.8  3079.7    17.8   158.5    64.1   103.6
   330.3  1296.5  2015.8  3078.0    59.4    99.4    70.2    33.2
   329.0  1291.8  2021.1  3072.0    55.0   116.0    76.0    27.1
   328.4  1298.7  2018.3  3072.1    56.2   118.5    86.3    27.5
   329.2  1298.0  2014.8  3073.8    59.3   112.3    66.0    30.0
   330.0  1286.6  2025.3  3069.6    57.8   116.1    62.6    36.0
   337.2  1278.2  2147.1  3163.4    32.2   168.5    35.6    74.9
   336.1  1270.5  2145.4  3174.3    29.2   184.3    40.7    80.8
   334.9  1272.8  2143.0  3182.6    28.1   196.6    40.8    91.3
   333.2  1274.9  2141.9  3173.5    27.8   200.6    39.8    77.2
   333.0  1271.4  2141.3  3178.4    28.9   173.5    41.5    79.6
   360.9  1300.0  2050.0  3153.6    36.6   123.4   157.0    65.4
   361.3  1298.8  2053.5  3152.6    35.1   126.8   159.6    66.2
   361.6  1300.6  2052.5  3147.6    32.5   119.2   160.0    63.1
   362.8  1304.4  2051.9  3148.2    31.6   119.2   168.4    65.5
   364.5  1304.6  2048.5  3149.8    30.4   114.3   162.6    69.5
   326.0  1320.2  2294.8  3388.5    40.7    50.9    44.8    97.0
   324.7  1321.7  2295.9  3392.7    39.5    47.4    41.0   104.1
   323.1  1325.7  2295.8  3402.0    37.7    38.9    34.1    97.8
   323.1  1327.2  2300.1  3408.8    35.4    34.3    33.7    91.1
   322.3  1325.5  2294.8  3405.1    34.5    39.6    33.4    92.8
   336.7  1304.3  2034.1  3161.1    13.5   111.3    42.9   116.8
   336.7  1303.0  2030.7  3168.9    13.7   100.4    44.1   123.7
   336.9  1303.1  2028.0  3180.6    14.0    91.0    46.4   121.8
   336.6  1304.3  2027.8  3180.8    14.1    87.4    51.6   123.7
   335.8  1305.7  2033.8  3171.9    14.0    79.4    62.8   130.6
   367.8  1437.4  2208.7  3145.4    35.2    55.8    41.8   146.9
   367.6  1427.5  2200.6  3143.1    35.4    47.7    66.0   133.5
   368.9  1420.1  2202.9  3164.0    36.7    41.6    81.3   112.1
   370.4  1419.3  2222.0  3181.9    38.4    39.8    76.4   114.9
   370.2  1415.2  2237.2  3188.7    37.4    45.1    76.8   101.4
